execucao,operacao,ordenacao,entrada,estrategia,tempo_ns,seed
1,INSERCAO,CRESCENTE,CRESCENTE,LINEAR,1000496100,1264031543
2,INSERCAO,CRESCENTE,CRESCENTE,LINEAR,1016070300,1264032540
3,INSERCAO,CRESCENTE,CRESCENTE,LINEAR,989326000,1264033537
4,INSERCAO,CRESCENTE,CRESCENTE,LINEAR,984124000,1264034534
5,INSERCAO,CRESCENTE,CRESCENTE,LINEAR,996508500,1264035531
6,INSERCAO,CRESCENTE,CRESCENTE,LINEAR,999980100,1264036528
7,INSERCAO,CRESCENTE,CRESCENTE,LINEAR,1008429700,1264037525
8,INSERCAO,CRESCENTE,CRESCENTE,LINEAR,1002969900,1264038522
9,INSERCAO,CRESCENTE,CRESCENTE,LINEAR,1029690200,1264039519
10,INSERCAO,CRESCENTE,CRESCENTE,LINEAR,1024969100,1264040516
11,INSERCAO,CRESCENTE,CRESCENTE,LINEAR,982455300,1264041513
12,INSERCAO,CRESCENTE,CRESCENTE,LINEAR,976847500,1264042510
13,INSERCAO,CRESCENTE,CRESCENTE,LINEAR,977206200,1264043507
14,INSERCAO,CRESCENTE,CRESCENTE,LINEAR,981895100,1264044504
15,INSERCAO,CRESCENTE,CRESCENTE,LINEAR,982196800,1264045501
16,INSERCAO,CRESCENTE,CRESCENTE,LINEAR,1001083800,1264046498
17,INSERCAO,CRESCENTE,CRESCENTE,LINEAR,1015311100,1264047495
18,INSERCAO,CRESCENTE,CRESCENTE,LINEAR,1015459300,1264048492
19,INSERCAO,CRESCENTE,CRESCENTE,LINEAR,992945400,1264049489
20,INSERCAO,CRESCENTE,CRESCENTE,LINEAR,983241600,1264050486
21,INSERCAO,CRESCENTE,CRESCENTE,LINEAR,986836500,1264051483
22,INSERCAO,CRESCENTE,CRESCENTE,LINEAR,989297600,1264052480
23,INSERCAO,CRESCENTE,CRESCENTE,LINEAR,997179500,1264053477
24,INSERCAO,CRESCENTE,CRESCENTE,LINEAR,985599700,1264054474
25,INSERCAO,CRESCENTE,CRESCENTE,LINEAR,976259100,1264055471
26,INSERCAO,CRESCENTE,CRESCENTE,LINEAR,973876000,1264056468
27,INSERCAO,CRESCENTE,CRESCENTE,LINEAR,978505400,1264057465
28,INSERCAO,CRESCENTE,CRESCENTE,LINEAR,978792000,1264058462
29,INSERCAO,CRESCENTE,CRESCENTE,LINEAR,978587900,1264059459
30,INSERCAO,CRESCENTE,CRESCENTE,LINEAR,979150800,1264060456
31,INSERCAO,CRESCENTE,CRESCENTE,LINEAR,974564300,1264061453
32,INSERCAO,CRESCENTE,CRESCENTE,LINEAR,986998400,1264062450
33,INSERCAO,CRESCENTE,CRESCENTE,LINEAR,973864800,1264063447
34,INSERCAO,CRESCENTE,CRESCENTE,LINEAR,973238600,1264064444
35,INSERCAO,CRESCENTE,CRESCENTE,LINEAR,970078400,1264065441
36,INSERCAO,CRESCENTE,CRESCENTE,LINEAR,982781400,1264066438
37,INSERCAO,CRESCENTE,CRESCENTE,LINEAR,975095200,1264067435
38,INSERCAO,CRESCENTE,CRESCENTE,LINEAR,976781700,1264068432
39,INSERCAO,CRESCENTE,CRESCENTE,LINEAR,977440600,1264069429
40,INSERCAO,CRESCENTE,CRESCENTE,LINEAR,975990500,1264070426
41,INSERCAO,CRESCENTE,CRESCENTE,LINEAR,973196600,1264071423
42,INSERCAO,CRESCENTE,CRESCENTE,LINEAR,988087500,1264072420
43,INSERCAO,CRESCENTE,CRESCENTE,LINEAR,997454400,1264073417
44,INSERCAO,CRESCENTE,CRESCENTE,LINEAR,990703700,1264074414
45,INSERCAO,CRESCENTE,CRESCENTE,LINEAR,985064800,1264075411
46,INSERCAO,CRESCENTE,CRESCENTE,LINEAR,980344300,1264076408
47,INSERCAO,CRESCENTE,CRESCENTE,LINEAR,973962300,1264077405
48,INSERCAO,CRESCENTE,CRESCENTE,LINEAR,977171700,1264078402
49,INSERCAO,CRESCENTE,CRESCENTE,LINEAR,973239700,1264079399
50,INSERCAO,CRESCENTE,CRESCENTE,LINEAR,972673200,1264080396
51,INSERCAO,CRESCENTE,CRESCENTE,LINEAR,978424500,1264081393
52,INSERCAO,CRESCENTE,CRESCENTE,LINEAR,971047100,1264082390
53,INSERCAO,CRESCENTE,CRESCENTE,LINEAR,993133700,1264083387
54,INSERCAO,CRESCENTE,CRESCENTE,LINEAR,974168300,1264084384
55,INSERCAO,CRESCENTE,CRESCENTE,LINEAR,973163500,1264085381
56,INSERCAO,CRESCENTE,CRESCENTE,LINEAR,974918000,1264086378
57,INSERCAO,CRESCENTE,CRESCENTE,LINEAR,978404400,1264087375
58,INSERCAO,CRESCENTE,CRESCENTE,LINEAR,972384100,1264088372
59,INSERCAO,CRESCENTE,CRESCENTE,LINEAR,984147100,1264089369
60,INSERCAO,CRESCENTE,CRESCENTE,LINEAR,978535700,1264090366
61,INSERCAO,CRESCENTE,CRESCENTE,LINEAR,980158300,1264091363
62,INSERCAO,CRESCENTE,CRESCENTE,LINEAR,976842500,1264092360
63,INSERCAO,CRESCENTE,CRESCENTE,LINEAR,976828100,1264093357
64,INSERCAO,CRESCENTE,CRESCENTE,LINEAR,979216700,1264094354
65,INSERCAO,CRESCENTE,CRESCENTE,LINEAR,972735400,1264095351
66,INSERCAO,CRESCENTE,CRESCENTE,LINEAR,992099500,1264096348
67,INSERCAO,CRESCENTE,CRESCENTE,LINEAR,979666000,1264097345
68,INSERCAO,CRESCENTE,CRESCENTE,LINEAR,972754600,1264098342
69,INSERCAO,CRESCENTE,CRESCENTE,LINEAR,977319500,1264099339
70,INSERCAO,CRESCENTE,CRESCENTE,LINEAR,973232200,1264100336
71,INSERCAO,CRESCENTE,CRESCENTE,LINEAR,983824600,1264101333
72,INSERCAO,CRESCENTE,CRESCENTE,LINEAR,977500600,1264102330
73,INSERCAO,CRESCENTE,CRESCENTE,LINEAR,973914500,1264103327
74,INSERCAO,CRESCENTE,CRESCENTE,LINEAR,972416400,1264104324
75,INSERCAO,CRESCENTE,CRESCENTE,LINEAR,977153800,1264105321
76,INSERCAO,CRESCENTE,CRESCENTE,LINEAR,968893900,1264106318
77,INSERCAO,CRESCENTE,CRESCENTE,LINEAR,974857300,1264107315
78,INSERCAO,CRESCENTE,CRESCENTE,LINEAR,972729700,1264108312
79,INSERCAO,CRESCENTE,CRESCENTE,LINEAR,973106600,1264109309
80,INSERCAO,CRESCENTE,CRESCENTE,LINEAR,977977200,1264110306
81,INSERCAO,CRESCENTE,CRESCENTE,LINEAR,977364600,1264111303
82,INSERCAO,CRESCENTE,CRESCENTE,LINEAR,969021100,1264112300
83,INSERCAO,CRESCENTE,CRESCENTE,LINEAR,983812300,1264113297
84,INSERCAO,CRESCENTE,CRESCENTE,LINEAR,989680500,1264114294
85,INSERCAO,CRESCENTE,CRESCENTE,LINEAR,976046000,1264115291
86,INSERCAO,CRESCENTE,CRESCENTE,LINEAR,979478700,1264116288
87,INSERCAO,CRESCENTE,CRESCENTE,LINEAR,982022700,1264117285
88,INSERCAO,CRESCENTE,CRESCENTE,LINEAR,975718300,1264118282
89,INSERCAO,CRESCENTE,CRESCENTE,LINEAR,968211300,1264119279
90,INSERCAO,CRESCENTE,CRESCENTE,LINEAR,979131800,1264120276
91,INSERCAO,CRESCENTE,CRESCENTE,LINEAR,973356800,1264121273
92,INSERCAO,CRESCENTE,CRESCENTE,LINEAR,980959400,1264122270
93,INSERCAO,CRESCENTE,CRESCENTE,LINEAR,1001519800,1264123267
94,INSERCAO,CRESCENTE,CRESCENTE,LINEAR,969989800,1264124264
95,INSERCAO,CRESCENTE,CRESCENTE,LINEAR,978154500,1264125261
96,INSERCAO,CRESCENTE,CRESCENTE,LINEAR,971045100,1264126258
97,INSERCAO,CRESCENTE,CRESCENTE,LINEAR,972408100,1264127255
98,INSERCAO,CRESCENTE,CRESCENTE,LINEAR,989976500,1264128252
99,INSERCAO,CRESCENTE,CRESCENTE,LINEAR,981635900,1264129249
100,INSERCAO,CRESCENTE,CRESCENTE,LINEAR,974571300,1264130246
1,INSERCAO,CRESCENTE,CRESCENTE,BINARIA,13339300,-362742570
2,INSERCAO,CRESCENTE,CRESCENTE,BINARIA,2509100,-362741573
3,INSERCAO,CRESCENTE,CRESCENTE,BINARIA,2613200,-362740576
4,INSERCAO,CRESCENTE,CRESCENTE,BINARIA,3324700,-362739579
5,INSERCAO,CRESCENTE,CRESCENTE,BINARIA,2613200,-362738582
6,INSERCAO,CRESCENTE,CRESCENTE,BINARIA,2522400,-362737585
7,INSERCAO,CRESCENTE,CRESCENTE,BINARIA,2792600,-362736588
8,INSERCAO,CRESCENTE,CRESCENTE,BINARIA,2915200,-362735591
9,INSERCAO,CRESCENTE,CRESCENTE,BINARIA,2732200,-362734594
10,INSERCAO,CRESCENTE,CRESCENTE,BINARIA,2999500,-362733597
11,INSERCAO,CRESCENTE,CRESCENTE,BINARIA,2769100,-362732600
12,INSERCAO,CRESCENTE,CRESCENTE,BINARIA,2764900,-362731603
13,INSERCAO,CRESCENTE,CRESCENTE,BINARIA,2688100,-362730606
14,INSERCAO,CRESCENTE,CRESCENTE,BINARIA,2588100,-362729609
15,INSERCAO,CRESCENTE,CRESCENTE,BINARIA,2500000,-362728612
16,INSERCAO,CRESCENTE,CRESCENTE,BINARIA,2585100,-362727615
17,INSERCAO,CRESCENTE,CRESCENTE,BINARIA,2683500,-362726618
18,INSERCAO,CRESCENTE,CRESCENTE,BINARIA,2502700,-362725621
19,INSERCAO,CRESCENTE,CRESCENTE,BINARIA,2544700,-362724624
20,INSERCAO,CRESCENTE,CRESCENTE,BINARIA,2505400,-362723627
21,INSERCAO,CRESCENTE,CRESCENTE,BINARIA,2615700,-362722630
22,INSERCAO,CRESCENTE,CRESCENTE,BINARIA,2559200,-362721633
23,INSERCAO,CRESCENTE,CRESCENTE,BINARIA,2563200,-362720636
24,INSERCAO,CRESCENTE,CRESCENTE,BINARIA,2562300,-362719639
25,INSERCAO,CRESCENTE,CRESCENTE,BINARIA,2613600,-362718642
26,INSERCAO,CRESCENTE,CRESCENTE,BINARIA,2585600,-362717645
27,INSERCAO,CRESCENTE,CRESCENTE,BINARIA,2570600,-362716648
28,INSERCAO,CRESCENTE,CRESCENTE,BINARIA,2567000,-362715651
29,INSERCAO,CRESCENTE,CRESCENTE,BINARIA,2636000,-362714654
30,INSERCAO,CRESCENTE,CRESCENTE,BINARIA,2572500,-362713657
31,INSERCAO,CRESCENTE,CRESCENTE,BINARIA,2710400,-362712660
32,INSERCAO,CRESCENTE,CRESCENTE,BINARIA,2562000,-362711663
33,INSERCAO,CRESCENTE,CRESCENTE,BINARIA,2719600,-362710666
34,INSERCAO,CRESCENTE,CRESCENTE,BINARIA,2559300,-362709669
35,INSERCAO,CRESCENTE,CRESCENTE,BINARIA,2639700,-362708672
36,INSERCAO,CRESCENTE,CRESCENTE,BINARIA,2585400,-362707675
37,INSERCAO,CRESCENTE,CRESCENTE,BINARIA,2702700,-362706678
38,INSERCAO,CRESCENTE,CRESCENTE,BINARIA,2577000,-362705681
39,INSERCAO,CRESCENTE,CRESCENTE,BINARIA,2560100,-362704684
40,INSERCAO,CRESCENTE,CRESCENTE,BINARIA,2577100,-362703687
41,INSERCAO,CRESCENTE,CRESCENTE,BINARIA,2611100,-362702690
42,INSERCAO,CRESCENTE,CRESCENTE,BINARIA,2561900,-362701693
43,INSERCAO,CRESCENTE,CRESCENTE,BINARIA,2559000,-362700696
44,INSERCAO,CRESCENTE,CRESCENTE,BINARIA,2572500,-362699699
45,INSERCAO,CRESCENTE,CRESCENTE,BINARIA,2558200,-362698702
46,INSERCAO,CRESCENTE,CRESCENTE,BINARIA,2614400,-362697705
47,INSERCAO,CRESCENTE,CRESCENTE,BINARIA,2564600,-362696708
48,INSERCAO,CRESCENTE,CRESCENTE,BINARIA,2668600,-362695711
49,INSERCAO,CRESCENTE,CRESCENTE,BINARIA,2544300,-362694714
50,INSERCAO,CRESCENTE,CRESCENTE,BINARIA,2575300,-362693717
51,INSERCAO,CRESCENTE,CRESCENTE,BINARIA,2583100,-362692720
52,INSERCAO,CRESCENTE,CRESCENTE,BINARIA,2559100,-362691723
53,INSERCAO,CRESCENTE,CRESCENTE,BINARIA,2561700,-362690726
54,INSERCAO,CRESCENTE,CRESCENTE,BINARIA,2560000,-362689729
55,INSERCAO,CRESCENTE,CRESCENTE,BINARIA,2561700,-362688732
56,INSERCAO,CRESCENTE,CRESCENTE,BINARIA,2614000,-362687735
57,INSERCAO,CRESCENTE,CRESCENTE,BINARIA,2561600,-362686738
58,INSERCAO,CRESCENTE,CRESCENTE,BINARIA,2565800,-362685741
59,INSERCAO,CRESCENTE,CRESCENTE,BINARIA,2559200,-362684744
60,INSERCAO,CRESCENTE,CRESCENTE,BINARIA,2559300,-362683747
61,INSERCAO,CRESCENTE,CRESCENTE,BINARIA,2580500,-362682750
62,INSERCAO,CRESCENTE,CRESCENTE,BINARIA,2609100,-362681753
63,INSERCAO,CRESCENTE,CRESCENTE,BINARIA,2577400,-362680756
64,INSERCAO,CRESCENTE,CRESCENTE,BINARIA,2562000,-362679759
65,INSERCAO,CRESCENTE,CRESCENTE,BINARIA,2560400,-362678762
66,INSERCAO,CRESCENTE,CRESCENTE,BINARIA,2584900,-362677765
67,INSERCAO,CRESCENTE,CRESCENTE,BINARIA,2583600,-362676768
68,INSERCAO,CRESCENTE,CRESCENTE,BINARIA,2560500,-362675771
69,INSERCAO,CRESCENTE,CRESCENTE,BINARIA,2590800,-362674774
70,INSERCAO,CRESCENTE,CRESCENTE,BINARIA,2559700,-362673777
71,INSERCAO,CRESCENTE,CRESCENTE,BINARIA,2578400,-362672780
72,INSERCAO,CRESCENTE,CRESCENTE,BINARIA,2562600,-362671783
73,INSERCAO,CRESCENTE,CRESCENTE,BINARIA,2560500,-362670786
74,INSERCAO,CRESCENTE,CRESCENTE,BINARIA,2559000,-362669789
75,INSERCAO,CRESCENTE,CRESCENTE,BINARIA,2613100,-362668792
76,INSERCAO,CRESCENTE,CRESCENTE,BINARIA,2577000,-362667795
77,INSERCAO,CRESCENTE,CRESCENTE,BINARIA,2560700,-362666798
78,INSERCAO,CRESCENTE,CRESCENTE,BINARIA,2564300,-362665801
79,INSERCAO,CRESCENTE,CRESCENTE,BINARIA,2559200,-362664804
80,INSERCAO,CRESCENTE,CRESCENTE,BINARIA,2561900,-362663807
81,INSERCAO,CRESCENTE,CRESCENTE,BINARIA,2620300,-362662810
82,INSERCAO,CRESCENTE,CRESCENTE,BINARIA,2570600,-362661813
83,INSERCAO,CRESCENTE,CRESCENTE,BINARIA,2583900,-362660816
84,INSERCAO,CRESCENTE,CRESCENTE,BINARIA,2587900,-362659819
85,INSERCAO,CRESCENTE,CRESCENTE,BINARIA,2654900,-362658822
86,INSERCAO,CRESCENTE,CRESCENTE,BINARIA,2567200,-362657825
87,INSERCAO,CRESCENTE,CRESCENTE,BINARIA,2543400,-362656828
88,INSERCAO,CRESCENTE,CRESCENTE,BINARIA,2548800,-362655831
89,INSERCAO,CRESCENTE,CRESCENTE,BINARIA,2545300,-362654834
90,INSERCAO,CRESCENTE,CRESCENTE,BINARIA,2545700,-362653837
91,INSERCAO,CRESCENTE,CRESCENTE,BINARIA,2561100,-362652840
92,INSERCAO,CRESCENTE,CRESCENTE,BINARIA,2544800,-362651843
93,INSERCAO,CRESCENTE,CRESCENTE,BINARIA,2547600,-362650846
94,INSERCAO,CRESCENTE,CRESCENTE,BINARIA,2814000,-362649849
95,INSERCAO,CRESCENTE,CRESCENTE,BINARIA,2560800,-362648852
96,INSERCAO,CRESCENTE,CRESCENTE,BINARIA,2571300,-362647855
97,INSERCAO,CRESCENTE,CRESCENTE,BINARIA,2497700,-362646858
98,INSERCAO,CRESCENTE,CRESCENTE,BINARIA,2527000,-362645861
99,INSERCAO,CRESCENTE,CRESCENTE,BINARIA,2502400,-362644864
100,INSERCAO,CRESCENTE,CRESCENTE,BINARIA,2581000,-362643867
1,INSERCAO,CRESCENTE,DECRESCENTE,LINEAR,382129700,-487728298
2,INSERCAO,CRESCENTE,DECRESCENTE,LINEAR,376802700,-487727301
3,INSERCAO,CRESCENTE,DECRESCENTE,LINEAR,377344600,-487726304
4,INSERCAO,CRESCENTE,DECRESCENTE,LINEAR,374507800,-487725307
5,INSERCAO,CRESCENTE,DECRESCENTE,LINEAR,377281200,-487724310
6,INSERCAO,CRESCENTE,DECRESCENTE,LINEAR,377499100,-487723313
7,INSERCAO,CRESCENTE,DECRESCENTE,LINEAR,379503700,-487722316
8,INSERCAO,CRESCENTE,DECRESCENTE,LINEAR,386860400,-487721319
9,INSERCAO,CRESCENTE,DECRESCENTE,LINEAR,383425100,-487720322
10,INSERCAO,CRESCENTE,DECRESCENTE,LINEAR,394772300,-487719325
11,INSERCAO,CRESCENTE,DECRESCENTE,LINEAR,383858200,-487718328
12,INSERCAO,CRESCENTE,DECRESCENTE,LINEAR,378371100,-487717331
13,INSERCAO,CRESCENTE,DECRESCENTE,LINEAR,382252400,-487716334
14,INSERCAO,CRESCENTE,DECRESCENTE,LINEAR,380937500,-487715337
15,INSERCAO,CRESCENTE,DECRESCENTE,LINEAR,380406600,-487714340
16,INSERCAO,CRESCENTE,DECRESCENTE,LINEAR,386148400,-487713343
17,INSERCAO,CRESCENTE,DECRESCENTE,LINEAR,390246900,-487712346
18,INSERCAO,CRESCENTE,DECRESCENTE,LINEAR,383862600,-487711349
19,INSERCAO,CRESCENTE,DECRESCENTE,LINEAR,389207400,-487710352
20,INSERCAO,CRESCENTE,DECRESCENTE,LINEAR,415079900,-487709355
21,INSERCAO,CRESCENTE,DECRESCENTE,LINEAR,398962600,-487708358
22,INSERCAO,CRESCENTE,DECRESCENTE,LINEAR,389987100,-487707361
23,INSERCAO,CRESCENTE,DECRESCENTE,LINEAR,406782400,-487706364
24,INSERCAO,CRESCENTE,DECRESCENTE,LINEAR,398252100,-487705367
25,INSERCAO,CRESCENTE,DECRESCENTE,LINEAR,394375400,-487704370
26,INSERCAO,CRESCENTE,DECRESCENTE,LINEAR,395270600,-487703373
27,INSERCAO,CRESCENTE,DECRESCENTE,LINEAR,402089500,-487702376
28,INSERCAO,CRESCENTE,DECRESCENTE,LINEAR,419739300,-487701379
29,INSERCAO,CRESCENTE,DECRESCENTE,LINEAR,397868000,-487700382
30,INSERCAO,CRESCENTE,DECRESCENTE,LINEAR,389183400,-487699385
31,INSERCAO,CRESCENTE,DECRESCENTE,LINEAR,405344500,-487698388
32,INSERCAO,CRESCENTE,DECRESCENTE,LINEAR,410900600,-487697391
33,INSERCAO,CRESCENTE,DECRESCENTE,LINEAR,388296500,-487696394
34,INSERCAO,CRESCENTE,DECRESCENTE,LINEAR,388853900,-487695397
35,INSERCAO,CRESCENTE,DECRESCENTE,LINEAR,401991500,-487694400
36,INSERCAO,CRESCENTE,DECRESCENTE,LINEAR,387957800,-487693403
37,INSERCAO,CRESCENTE,DECRESCENTE,LINEAR,383723600,-487692406
38,INSERCAO,CRESCENTE,DECRESCENTE,LINEAR,381642600,-487691409
39,INSERCAO,CRESCENTE,DECRESCENTE,LINEAR,424086800,-487690412
40,INSERCAO,CRESCENTE,DECRESCENTE,LINEAR,393324000,-487689415
41,INSERCAO,CRESCENTE,DECRESCENTE,LINEAR,379585000,-487688418
42,INSERCAO,CRESCENTE,DECRESCENTE,LINEAR,377953800,-487687421
43,INSERCAO,CRESCENTE,DECRESCENTE,LINEAR,375079900,-487686424
44,INSERCAO,CRESCENTE,DECRESCENTE,LINEAR,375411200,-487685427
45,INSERCAO,CRESCENTE,DECRESCENTE,LINEAR,378106500,-487684430
46,INSERCAO,CRESCENTE,DECRESCENTE,LINEAR,376997000,-487683433
47,INSERCAO,CRESCENTE,DECRESCENTE,LINEAR,431153900,-487682436
48,INSERCAO,CRESCENTE,DECRESCENTE,LINEAR,380858500,-487681439
49,INSERCAO,CRESCENTE,DECRESCENTE,LINEAR,377767100,-487680442
50,INSERCAO,CRESCENTE,DECRESCENTE,LINEAR,378844100,-487679445
51,INSERCAO,CRESCENTE,DECRESCENTE,LINEAR,378755500,-487678448
52,INSERCAO,CRESCENTE,DECRESCENTE,LINEAR,380211800,-487677451
53,INSERCAO,CRESCENTE,DECRESCENTE,LINEAR,376571300,-487676454
54,INSERCAO,CRESCENTE,DECRESCENTE,LINEAR,377308900,-487675457
55,INSERCAO,CRESCENTE,DECRESCENTE,LINEAR,381018800,-487674460
56,INSERCAO,CRESCENTE,DECRESCENTE,LINEAR,377547400,-487673463
57,INSERCAO,CRESCENTE,DECRESCENTE,LINEAR,378022100,-487672466
58,INSERCAO,CRESCENTE,DECRESCENTE,LINEAR,378611600,-487671469
59,INSERCAO,CRESCENTE,DECRESCENTE,LINEAR,375579900,-487670472
60,INSERCAO,CRESCENTE,DECRESCENTE,LINEAR,376290500,-487669475
61,INSERCAO,CRESCENTE,DECRESCENTE,LINEAR,375711000,-487668478
62,INSERCAO,CRESCENTE,DECRESCENTE,LINEAR,375741700,-487667481
63,INSERCAO,CRESCENTE,DECRESCENTE,LINEAR,375521100,-487666484
64,INSERCAO,CRESCENTE,DECRESCENTE,LINEAR,376406900,-487665487
65,INSERCAO,CRESCENTE,DECRESCENTE,LINEAR,374925600,-487664490
66,INSERCAO,CRESCENTE,DECRESCENTE,LINEAR,376606600,-487663493
67,INSERCAO,CRESCENTE,DECRESCENTE,LINEAR,377920600,-487662496
68,INSERCAO,CRESCENTE,DECRESCENTE,LINEAR,376844600,-487661499
69,INSERCAO,CRESCENTE,DECRESCENTE,LINEAR,375976300,-487660502
70,INSERCAO,CRESCENTE,DECRESCENTE,LINEAR,378917600,-487659505
71,INSERCAO,CRESCENTE,DECRESCENTE,LINEAR,377823700,-487658508
72,INSERCAO,CRESCENTE,DECRESCENTE,LINEAR,378471900,-487657511
73,INSERCAO,CRESCENTE,DECRESCENTE,LINEAR,371331700,-487656514
74,INSERCAO,CRESCENTE,DECRESCENTE,LINEAR,379662500,-487655517
75,INSERCAO,CRESCENTE,DECRESCENTE,LINEAR,379729600,-487654520
76,INSERCAO,CRESCENTE,DECRESCENTE,LINEAR,377725800,-487653523
77,INSERCAO,CRESCENTE,DECRESCENTE,LINEAR,377344500,-487652526
78,INSERCAO,CRESCENTE,DECRESCENTE,LINEAR,375466600,-487651529
79,INSERCAO,CRESCENTE,DECRESCENTE,LINEAR,377566300,-487650532
80,INSERCAO,CRESCENTE,DECRESCENTE,LINEAR,376227700,-487649535
81,INSERCAO,CRESCENTE,DECRESCENTE,LINEAR,375485700,-487648538
82,INSERCAO,CRESCENTE,DECRESCENTE,LINEAR,375594000,-487647541
83,INSERCAO,CRESCENTE,DECRESCENTE,LINEAR,377905300,-487646544
84,INSERCAO,CRESCENTE,DECRESCENTE,LINEAR,374657100,-487645547
85,INSERCAO,CRESCENTE,DECRESCENTE,LINEAR,376527400,-487644550
86,INSERCAO,CRESCENTE,DECRESCENTE,LINEAR,372705700,-487643553
87,INSERCAO,CRESCENTE,DECRESCENTE,LINEAR,374953400,-487642556
88,INSERCAO,CRESCENTE,DECRESCENTE,LINEAR,374213700,-487641559
89,INSERCAO,CRESCENTE,DECRESCENTE,LINEAR,371133200,-487640562
90,INSERCAO,CRESCENTE,DECRESCENTE,LINEAR,379125400,-487639565
91,INSERCAO,CRESCENTE,DECRESCENTE,LINEAR,372677900,-487638568
92,INSERCAO,CRESCENTE,DECRESCENTE,LINEAR,372947800,-487637571
93,INSERCAO,CRESCENTE,DECRESCENTE,LINEAR,376022200,-487636574
94,INSERCAO,CRESCENTE,DECRESCENTE,LINEAR,376451900,-487635577
95,INSERCAO,CRESCENTE,DECRESCENTE,LINEAR,376088600,-487634580
96,INSERCAO,CRESCENTE,DECRESCENTE,LINEAR,374317000,-487633583
97,INSERCAO,CRESCENTE,DECRESCENTE,LINEAR,373408700,-487632586
98,INSERCAO,CRESCENTE,DECRESCENTE,LINEAR,379016200,-487631589
99,INSERCAO,CRESCENTE,DECRESCENTE,LINEAR,375992800,-487630592
100,INSERCAO,CRESCENTE,DECRESCENTE,LINEAR,372921000,-487629595
1,INSERCAO,CRESCENTE,DECRESCENTE,BINARIA,386824400,1167277207
2,INSERCAO,CRESCENTE,DECRESCENTE,BINARIA,377581000,1167278204
3,INSERCAO,CRESCENTE,DECRESCENTE,BINARIA,384086000,1167279201
4,INSERCAO,CRESCENTE,DECRESCENTE,BINARIA,379468100,1167280198
5,INSERCAO,CRESCENTE,DECRESCENTE,BINARIA,375486400,1167281195
6,INSERCAO,CRESCENTE,DECRESCENTE,BINARIA,376973500,1167282192
7,INSERCAO,CRESCENTE,DECRESCENTE,BINARIA,376108400,1167283189
8,INSERCAO,CRESCENTE,DECRESCENTE,BINARIA,374031500,1167284186
9,INSERCAO,CRESCENTE,DECRESCENTE,BINARIA,377243300,1167285183
10,INSERCAO,CRESCENTE,DECRESCENTE,BINARIA,376118600,1167286180
11,INSERCAO,CRESCENTE,DECRESCENTE,BINARIA,376614300,1167287177
12,INSERCAO,CRESCENTE,DECRESCENTE,BINARIA,379361500,1167288174
13,INSERCAO,CRESCENTE,DECRESCENTE,BINARIA,380896100,1167289171
14,INSERCAO,CRESCENTE,DECRESCENTE,BINARIA,379004900,1167290168
15,INSERCAO,CRESCENTE,DECRESCENTE,BINARIA,377083100,1167291165
16,INSERCAO,CRESCENTE,DECRESCENTE,BINARIA,377981200,1167292162
17,INSERCAO,CRESCENTE,DECRESCENTE,BINARIA,377373500,1167293159
18,INSERCAO,CRESCENTE,DECRESCENTE,BINARIA,375368100,1167294156
19,INSERCAO,CRESCENTE,DECRESCENTE,BINARIA,377722300,1167295153
20,INSERCAO,CRESCENTE,DECRESCENTE,BINARIA,379635500,1167296150
21,INSERCAO,CRESCENTE,DECRESCENTE,BINARIA,376403500,1167297147
22,INSERCAO,CRESCENTE,DECRESCENTE,BINARIA,379142000,1167298144
23,INSERCAO,CRESCENTE,DECRESCENTE,BINARIA,376226900,1167299141
24,INSERCAO,CRESCENTE,DECRESCENTE,BINARIA,377446000,1167300138
25,INSERCAO,CRESCENTE,DECRESCENTE,BINARIA,378184400,1167301135
26,INSERCAO,CRESCENTE,DECRESCENTE,BINARIA,381188200,1167302132
27,INSERCAO,CRESCENTE,DECRESCENTE,BINARIA,384934400,1167303129
28,INSERCAO,CRESCENTE,DECRESCENTE,BINARIA,390705100,1167304126
29,INSERCAO,CRESCENTE,DECRESCENTE,BINARIA,394634300,1167305123
30,INSERCAO,CRESCENTE,DECRESCENTE,BINARIA,388649600,1167306120
31,INSERCAO,CRESCENTE,DECRESCENTE,BINARIA,385748800,1167307117
32,INSERCAO,CRESCENTE,DECRESCENTE,BINARIA,378814100,1167308114
33,INSERCAO,CRESCENTE,DECRESCENTE,BINARIA,387452000,1167309111
34,INSERCAO,CRESCENTE,DECRESCENTE,BINARIA,380009200,1167310108
35,INSERCAO,CRESCENTE,DECRESCENTE,BINARIA,379785600,1167311105
36,INSERCAO,CRESCENTE,DECRESCENTE,BINARIA,381132900,1167312102
37,INSERCAO,CRESCENTE,DECRESCENTE,BINARIA,394712200,1167313099
38,INSERCAO,CRESCENTE,DECRESCENTE,BINARIA,390818400,1167314096
39,INSERCAO,CRESCENTE,DECRESCENTE,BINARIA,375456700,1167315093
40,INSERCAO,CRESCENTE,DECRESCENTE,BINARIA,378043700,1167316090
41,INSERCAO,CRESCENTE,DECRESCENTE,BINARIA,378048100,1167317087
42,INSERCAO,CRESCENTE,DECRESCENTE,BINARIA,374315400,1167318084
43,INSERCAO,CRESCENTE,DECRESCENTE,BINARIA,380895400,1167319081
44,INSERCAO,CRESCENTE,DECRESCENTE,BINARIA,375624800,1167320078
45,INSERCAO,CRESCENTE,DECRESCENTE,BINARIA,378824500,1167321075
46,INSERCAO,CRESCENTE,DECRESCENTE,BINARIA,376576400,1167322072
47,INSERCAO,CRESCENTE,DECRESCENTE,BINARIA,376827600,1167323069
48,INSERCAO,CRESCENTE,DECRESCENTE,BINARIA,378027700,1167324066
49,INSERCAO,CRESCENTE,DECRESCENTE,BINARIA,380719600,1167325063
50,INSERCAO,CRESCENTE,DECRESCENTE,BINARIA,376409100,1167326060
51,INSERCAO,CRESCENTE,DECRESCENTE,BINARIA,381219500,1167327057
52,INSERCAO,CRESCENTE,DECRESCENTE,BINARIA,378946000,1167328054
53,INSERCAO,CRESCENTE,DECRESCENTE,BINARIA,377323000,1167329051
54,INSERCAO,CRESCENTE,DECRESCENTE,BINARIA,377061200,1167330048
55,INSERCAO,CRESCENTE,DECRESCENTE,BINARIA,378611200,1167331045
56,INSERCAO,CRESCENTE,DECRESCENTE,BINARIA,377765600,1167332042
57,INSERCAO,CRESCENTE,DECRESCENTE,BINARIA,378136700,1167333039
58,INSERCAO,CRESCENTE,DECRESCENTE,BINARIA,373885900,1167334036
59,INSERCAO,CRESCENTE,DECRESCENTE,BINARIA,377215600,1167335033
60,INSERCAO,CRESCENTE,DECRESCENTE,BINARIA,376221800,1167336030
61,INSERCAO,CRESCENTE,DECRESCENTE,BINARIA,374254800,1167337027
62,INSERCAO,CRESCENTE,DECRESCENTE,BINARIA,379708100,1167338024
63,INSERCAO,CRESCENTE,DECRESCENTE,BINARIA,378363700,1167339021
64,INSERCAO,CRESCENTE,DECRESCENTE,BINARIA,378855400,1167340018
65,INSERCAO,CRESCENTE,DECRESCENTE,BINARIA,377308600,1167341015
66,INSERCAO,CRESCENTE,DECRESCENTE,BINARIA,378165700,1167342012
67,INSERCAO,CRESCENTE,DECRESCENTE,BINARIA,378856300,1167343009
68,INSERCAO,CRESCENTE,DECRESCENTE,BINARIA,375864000,1167344006
69,INSERCAO,CRESCENTE,DECRESCENTE,BINARIA,379607500,1167345003
70,INSERCAO,CRESCENTE,DECRESCENTE,BINARIA,379277200,1167346000
71,INSERCAO,CRESCENTE,DECRESCENTE,BINARIA,377390300,1167346997
72,INSERCAO,CRESCENTE,DECRESCENTE,BINARIA,378752800,1167347994
73,INSERCAO,CRESCENTE,DECRESCENTE,BINARIA,378538600,1167348991
74,INSERCAO,CRESCENTE,DECRESCENTE,BINARIA,377031100,1167349988
75,INSERCAO,CRESCENTE,DECRESCENTE,BINARIA,382166800,1167350985
76,INSERCAO,CRESCENTE,DECRESCENTE,BINARIA,377786000,1167351982
77,INSERCAO,CRESCENTE,DECRESCENTE,BINARIA,379751100,1167352979
78,INSERCAO,CRESCENTE,DECRESCENTE,BINARIA,378985500,1167353976
79,INSERCAO,CRESCENTE,DECRESCENTE,BINARIA,379640600,1167354973
80,INSERCAO,CRESCENTE,DECRESCENTE,BINARIA,379525200,1167355970
81,INSERCAO,CRESCENTE,DECRESCENTE,BINARIA,376997900,1167356967
82,INSERCAO,CRESCENTE,DECRESCENTE,BINARIA,376845800,1167357964
83,INSERCAO,CRESCENTE,DECRESCENTE,BINARIA,379606100,1167358961
84,INSERCAO,CRESCENTE,DECRESCENTE,BINARIA,377145400,1167359958
85,INSERCAO,CRESCENTE,DECRESCENTE,BINARIA,378291700,1167360955
86,INSERCAO,CRESCENTE,DECRESCENTE,BINARIA,384081800,1167361952
87,INSERCAO,CRESCENTE,DECRESCENTE,BINARIA,379823400,1167362949
88,INSERCAO,CRESCENTE,DECRESCENTE,BINARIA,378402700,1167363946
89,INSERCAO,CRESCENTE,DECRESCENTE,BINARIA,376886100,1167364943
90,INSERCAO,CRESCENTE,DECRESCENTE,BINARIA,378397600,1167365940
91,INSERCAO,CRESCENTE,DECRESCENTE,BINARIA,386664200,1167366937
92,INSERCAO,CRESCENTE,DECRESCENTE,BINARIA,395621000,1167367934
93,INSERCAO,CRESCENTE,DECRESCENTE,BINARIA,401477800,1167368931
94,INSERCAO,CRESCENTE,DECRESCENTE,BINARIA,387484500,1167369928
95,INSERCAO,CRESCENTE,DECRESCENTE,BINARIA,391372900,1167370925
96,INSERCAO,CRESCENTE,DECRESCENTE,BINARIA,391124100,1167371922
97,INSERCAO,CRESCENTE,DECRESCENTE,BINARIA,399773800,1167372919
98,INSERCAO,CRESCENTE,DECRESCENTE,BINARIA,422391500,1167373916
99,INSERCAO,CRESCENTE,DECRESCENTE,BINARIA,406888900,1167374913
100,INSERCAO,CRESCENTE,DECRESCENTE,BINARIA,404742200,1167375910
1,INSERCAO,CRESCENTE,ALEATORIA,LINEAR,676798200,637374911
2,INSERCAO,CRESCENTE,ALEATORIA,LINEAR,707084800,637375908
3,INSERCAO,CRESCENTE,ALEATORIA,LINEAR,680721800,637376905
4,INSERCAO,CRESCENTE,ALEATORIA,LINEAR,720768300,637377902
5,INSERCAO,CRESCENTE,ALEATORIA,LINEAR,748921100,637378899
6,INSERCAO,CRESCENTE,ALEATORIA,LINEAR,694293000,637379896
7,INSERCAO,CRESCENTE,ALEATORIA,LINEAR,686875400,637380893
8,INSERCAO,CRESCENTE,ALEATORIA,LINEAR,680734500,637381890
9,INSERCAO,CRESCENTE,ALEATORIA,LINEAR,685068200,637382887
10,INSERCAO,CRESCENTE,ALEATORIA,LINEAR,685981600,637383884
11,INSERCAO,CRESCENTE,ALEATORIA,LINEAR,689153700,637384881
12,INSERCAO,CRESCENTE,ALEATORIA,LINEAR,703441600,637385878
13,INSERCAO,CRESCENTE,ALEATORIA,LINEAR,680188200,637386875
14,INSERCAO,CRESCENTE,ALEATORIA,LINEAR,694226900,637387872
15,INSERCAO,CRESCENTE,ALEATORIA,LINEAR,685383300,637388869
16,INSERCAO,CRESCENTE,ALEATORIA,LINEAR,708217900,637389866
17,INSERCAO,CRESCENTE,ALEATORIA,LINEAR,707595700,637390863
18,INSERCAO,CRESCENTE,ALEATORIA,LINEAR,681838600,637391860
19,INSERCAO,CRESCENTE,ALEATORIA,LINEAR,680862700,637392857
20,INSERCAO,CRESCENTE,ALEATORIA,LINEAR,672385900,637393854
21,INSERCAO,CRESCENTE,ALEATORIA,LINEAR,674830900,637394851
22,INSERCAO,CRESCENTE,ALEATORIA,LINEAR,664092700,637395848
23,INSERCAO,CRESCENTE,ALEATORIA,LINEAR,659130700,637396845
24,INSERCAO,CRESCENTE,ALEATORIA,LINEAR,668246200,637397842
25,INSERCAO,CRESCENTE,ALEATORIA,LINEAR,653589400,637398839
26,INSERCAO,CRESCENTE,ALEATORIA,LINEAR,655969900,637399836
27,INSERCAO,CRESCENTE,ALEATORIA,LINEAR,658742100,637400833
28,INSERCAO,CRESCENTE,ALEATORIA,LINEAR,651914900,637401830
29,INSERCAO,CRESCENTE,ALEATORIA,LINEAR,646918400,637402827
30,INSERCAO,CRESCENTE,ALEATORIA,LINEAR,655322300,637403824
31,INSERCAO,CRESCENTE,ALEATORIA,LINEAR,647269300,637404821
32,INSERCAO,CRESCENTE,ALEATORIA,LINEAR,654990400,637405818
33,INSERCAO,CRESCENTE,ALEATORIA,LINEAR,652986700,637406815
34,INSERCAO,CRESCENTE,ALEATORIA,LINEAR,645434100,637407812
35,INSERCAO,CRESCENTE,ALEATORIA,LINEAR,655818900,637408809
36,INSERCAO,CRESCENTE,ALEATORIA,LINEAR,656477200,637409806
37,INSERCAO,CRESCENTE,ALEATORIA,LINEAR,651714600,637410803
38,INSERCAO,CRESCENTE,ALEATORIA,LINEAR,656492600,637411800
39,INSERCAO,CRESCENTE,ALEATORIA,LINEAR,655610500,637412797
40,INSERCAO,CRESCENTE,ALEATORIA,LINEAR,648453200,637413794
41,INSERCAO,CRESCENTE,ALEATORIA,LINEAR,663609900,637414791
42,INSERCAO,CRESCENTE,ALEATORIA,LINEAR,659127300,637415788
43,INSERCAO,CRESCENTE,ALEATORIA,LINEAR,677022500,637416785
44,INSERCAO,CRESCENTE,ALEATORIA,LINEAR,663313400,637417782
45,INSERCAO,CRESCENTE,ALEATORIA,LINEAR,672037400,637418779
46,INSERCAO,CRESCENTE,ALEATORIA,LINEAR,649553900,637419776
47,INSERCAO,CRESCENTE,ALEATORIA,LINEAR,650517900,637420773
48,INSERCAO,CRESCENTE,ALEATORIA,LINEAR,653760800,637421770
49,INSERCAO,CRESCENTE,ALEATORIA,LINEAR,660928700,637422767
50,INSERCAO,CRESCENTE,ALEATORIA,LINEAR,653823200,637423764
51,INSERCAO,CRESCENTE,ALEATORIA,LINEAR,651552900,637424761
52,INSERCAO,CRESCENTE,ALEATORIA,LINEAR,647976900,637425758
53,INSERCAO,CRESCENTE,ALEATORIA,LINEAR,656797000,637426755
54,INSERCAO,CRESCENTE,ALEATORIA,LINEAR,684710100,637427752
55,INSERCAO,CRESCENTE,ALEATORIA,LINEAR,651856000,637428749
56,INSERCAO,CRESCENTE,ALEATORIA,LINEAR,653693700,637429746
57,INSERCAO,CRESCENTE,ALEATORIA,LINEAR,666545200,637430743
58,INSERCAO,CRESCENTE,ALEATORIA,LINEAR,671454200,637431740
59,INSERCAO,CRESCENTE,ALEATORIA,LINEAR,672168400,637432737
60,INSERCAO,CRESCENTE,ALEATORIA,LINEAR,669241000,637433734
61,INSERCAO,CRESCENTE,ALEATORIA,LINEAR,663012700,637434731
62,INSERCAO,CRESCENTE,ALEATORIA,LINEAR,670271700,637435728
63,INSERCAO,CRESCENTE,ALEATORIA,LINEAR,664050600,637436725
64,INSERCAO,CRESCENTE,ALEATORIA,LINEAR,662741400,637437722
65,INSERCAO,CRESCENTE,ALEATORIA,LINEAR,657744200,637438719
66,INSERCAO,CRESCENTE,ALEATORIA,LINEAR,649671100,637439716
67,INSERCAO,CRESCENTE,ALEATORIA,LINEAR,697591000,637440713
68,INSERCAO,CRESCENTE,ALEATORIA,LINEAR,694925700,637441710
69,INSERCAO,CRESCENTE,ALEATORIA,LINEAR,672863500,637442707
70,INSERCAO,CRESCENTE,ALEATORIA,LINEAR,688601900,637443704
71,INSERCAO,CRESCENTE,ALEATORIA,LINEAR,705649900,637444701
72,INSERCAO,CRESCENTE,ALEATORIA,LINEAR,692300600,637445698
73,INSERCAO,CRESCENTE,ALEATORIA,LINEAR,691661000,637446695
74,INSERCAO,CRESCENTE,ALEATORIA,LINEAR,781293700,637447692
75,INSERCAO,CRESCENTE,ALEATORIA,LINEAR,739038500,637448689
76,INSERCAO,CRESCENTE,ALEATORIA,LINEAR,734936200,637449686
77,INSERCAO,CRESCENTE,ALEATORIA,LINEAR,703629000,637450683
78,INSERCAO,CRESCENTE,ALEATORIA,LINEAR,708542800,637451680
79,INSERCAO,CRESCENTE,ALEATORIA,LINEAR,733868300,637452677
80,INSERCAO,CRESCENTE,ALEATORIA,LINEAR,731359400,637453674
81,INSERCAO,CRESCENTE,ALEATORIA,LINEAR,693567000,637454671
82,INSERCAO,CRESCENTE,ALEATORIA,LINEAR,693695600,637455668
83,INSERCAO,CRESCENTE,ALEATORIA,LINEAR,707470400,637456665
84,INSERCAO,CRESCENTE,ALEATORIA,LINEAR,739368100,637457662
85,INSERCAO,CRESCENTE,ALEATORIA,LINEAR,711251300,637458659
86,INSERCAO,CRESCENTE,ALEATORIA,LINEAR,704185900,637459656
87,INSERCAO,CRESCENTE,ALEATORIA,LINEAR,685500900,637460653
88,INSERCAO,CRESCENTE,ALEATORIA,LINEAR,709184500,637461650
89,INSERCAO,CRESCENTE,ALEATORIA,LINEAR,709230000,637462647
90,INSERCAO,CRESCENTE,ALEATORIA,LINEAR,706541600,637463644
91,INSERCAO,CRESCENTE,ALEATORIA,LINEAR,722459100,637464641
92,INSERCAO,CRESCENTE,ALEATORIA,LINEAR,713027400,637465638
93,INSERCAO,CRESCENTE,ALEATORIA,LINEAR,714083400,637466635
94,INSERCAO,CRESCENTE,ALEATORIA,LINEAR,744219200,637467632
95,INSERCAO,CRESCENTE,ALEATORIA,LINEAR,741468500,637468629
96,INSERCAO,CRESCENTE,ALEATORIA,LINEAR,744863600,637469626
97,INSERCAO,CRESCENTE,ALEATORIA,LINEAR,715252100,637470623
98,INSERCAO,CRESCENTE,ALEATORIA,LINEAR,710209900,637471620
99,INSERCAO,CRESCENTE,ALEATORIA,LINEAR,694662200,637472617
100,INSERCAO,CRESCENTE,ALEATORIA,LINEAR,694050500,637473614
1,INSERCAO,CRESCENTE,ALEATORIA,BINARIA,183393700,1685738318
2,INSERCAO,CRESCENTE,ALEATORIA,BINARIA,186855800,1685739315
3,INSERCAO,CRESCENTE,ALEATORIA,BINARIA,185561900,1685740312
4,INSERCAO,CRESCENTE,ALEATORIA,BINARIA,192641900,1685741309
5,INSERCAO,CRESCENTE,ALEATORIA,BINARIA,184249700,1685742306
6,INSERCAO,CRESCENTE,ALEATORIA,BINARIA,186336200,1685743303
7,INSERCAO,CRESCENTE,ALEATORIA,BINARIA,192621300,1685744300
8,INSERCAO,CRESCENTE,ALEATORIA,BINARIA,189235900,1685745297
9,INSERCAO,CRESCENTE,ALEATORIA,BINARIA,185954100,1685746294
10,INSERCAO,CRESCENTE,ALEATORIA,BINARIA,182675700,1685747291
11,INSERCAO,CRESCENTE,ALEATORIA,BINARIA,186418400,1685748288
12,INSERCAO,CRESCENTE,ALEATORIA,BINARIA,188068800,1685749285
13,INSERCAO,CRESCENTE,ALEATORIA,BINARIA,182880600,1685750282
14,INSERCAO,CRESCENTE,ALEATORIA,BINARIA,184091300,1685751279
15,INSERCAO,CRESCENTE,ALEATORIA,BINARIA,188543300,1685752276
16,INSERCAO,CRESCENTE,ALEATORIA,BINARIA,192963100,1685753273
17,INSERCAO,CRESCENTE,ALEATORIA,BINARIA,213408400,1685754270
18,INSERCAO,CRESCENTE,ALEATORIA,BINARIA,188370700,1685755267
19,INSERCAO,CRESCENTE,ALEATORIA,BINARIA,182603100,1685756264
20,INSERCAO,CRESCENTE,ALEATORIA,BINARIA,201280400,1685757261
21,INSERCAO,CRESCENTE,ALEATORIA,BINARIA,182437300,1685758258
22,INSERCAO,CRESCENTE,ALEATORIA,BINARIA,197718500,1685759255
23,INSERCAO,CRESCENTE,ALEATORIA,BINARIA,191862400,1685760252
24,INSERCAO,CRESCENTE,ALEATORIA,BINARIA,186878500,1685761249
25,INSERCAO,CRESCENTE,ALEATORIA,BINARIA,190969600,1685762246
26,INSERCAO,CRESCENTE,ALEATORIA,BINARIA,185420000,1685763243
27,INSERCAO,CRESCENTE,ALEATORIA,BINARIA,183202600,1685764240
28,INSERCAO,CRESCENTE,ALEATORIA,BINARIA,192853200,1685765237
29,INSERCAO,CRESCENTE,ALEATORIA,BINARIA,190621300,1685766234
30,INSERCAO,CRESCENTE,ALEATORIA,BINARIA,185231300,1685767231
31,INSERCAO,CRESCENTE,ALEATORIA,BINARIA,200228000,1685768228
32,INSERCAO,CRESCENTE,ALEATORIA,BINARIA,183711500,1685769225
33,INSERCAO,CRESCENTE,ALEATORIA,BINARIA,184653800,1685770222
34,INSERCAO,CRESCENTE,ALEATORIA,BINARIA,187513000,1685771219
35,INSERCAO,CRESCENTE,ALEATORIA,BINARIA,181943600,1685772216
36,INSERCAO,CRESCENTE,ALEATORIA,BINARIA,185622700,1685773213
37,INSERCAO,CRESCENTE,ALEATORIA,BINARIA,182360500,1685774210
38,INSERCAO,CRESCENTE,ALEATORIA,BINARIA,189874900,1685775207
39,INSERCAO,CRESCENTE,ALEATORIA,BINARIA,192435900,1685776204
40,INSERCAO,CRESCENTE,ALEATORIA,BINARIA,184278100,1685777201
41,INSERCAO,CRESCENTE,ALEATORIA,BINARIA,215463900,1685778198
42,INSERCAO,CRESCENTE,ALEATORIA,BINARIA,188447600,1685779195
43,INSERCAO,CRESCENTE,ALEATORIA,BINARIA,187647100,1685780192
44,INSERCAO,CRESCENTE,ALEATORIA,BINARIA,197262600,1685781189
45,INSERCAO,CRESCENTE,ALEATORIA,BINARIA,197099600,1685782186
46,INSERCAO,CRESCENTE,ALEATORIA,BINARIA,183237900,1685783183
47,INSERCAO,CRESCENTE,ALEATORIA,BINARIA,191260100,1685784180
48,INSERCAO,CRESCENTE,ALEATORIA,BINARIA,183630400,1685785177
49,INSERCAO,CRESCENTE,ALEATORIA,BINARIA,186285400,1685786174
50,INSERCAO,CRESCENTE,ALEATORIA,BINARIA,183023500,1685787171
51,INSERCAO,CRESCENTE,ALEATORIA,BINARIA,181984500,1685788168
52,INSERCAO,CRESCENTE,ALEATORIA,BINARIA,180794900,1685789165
53,INSERCAO,CRESCENTE,ALEATORIA,BINARIA,192896600,1685790162
54,INSERCAO,CRESCENTE,ALEATORIA,BINARIA,180566400,1685791159
55,INSERCAO,CRESCENTE,ALEATORIA,BINARIA,197563900,1685792156
56,INSERCAO,CRESCENTE,ALEATORIA,BINARIA,186213200,1685793153
57,INSERCAO,CRESCENTE,ALEATORIA,BINARIA,186640100,1685794150
58,INSERCAO,CRESCENTE,ALEATORIA,BINARIA,189013100,1685795147
59,INSERCAO,CRESCENTE,ALEATORIA,BINARIA,188491800,1685796144
60,INSERCAO,CRESCENTE,ALEATORIA,BINARIA,184369700,1685797141
61,INSERCAO,CRESCENTE,ALEATORIA,BINARIA,186305400,1685798138
62,INSERCAO,CRESCENTE,ALEATORIA,BINARIA,212455800,1685799135
63,INSERCAO,CRESCENTE,ALEATORIA,BINARIA,194805600,1685800132
64,INSERCAO,CRESCENTE,ALEATORIA,BINARIA,188120100,1685801129
65,INSERCAO,CRESCENTE,ALEATORIA,BINARIA,199291500,1685802126
66,INSERCAO,CRESCENTE,ALEATORIA,BINARIA,190883300,1685803123
67,INSERCAO,CRESCENTE,ALEATORIA,BINARIA,197404200,1685804120
68,INSERCAO,CRESCENTE,ALEATORIA,BINARIA,201448900,1685805117
69,INSERCAO,CRESCENTE,ALEATORIA,BINARIA,207796900,1685806114
70,INSERCAO,CRESCENTE,ALEATORIA,BINARIA,190450600,1685807111
71,INSERCAO,CRESCENTE,ALEATORIA,BINARIA,189542700,1685808108
72,INSERCAO,CRESCENTE,ALEATORIA,BINARIA,208330000,1685809105
73,INSERCAO,CRESCENTE,ALEATORIA,BINARIA,189926600,1685810102
74,INSERCAO,CRESCENTE,ALEATORIA,BINARIA,198837100,1685811099
75,INSERCAO,CRESCENTE,ALEATORIA,BINARIA,206184700,1685812096
76,INSERCAO,CRESCENTE,ALEATORIA,BINARIA,183030900,1685813093
77,INSERCAO,CRESCENTE,ALEATORIA,BINARIA,188614200,1685814090
78,INSERCAO,CRESCENTE,ALEATORIA,BINARIA,181906600,1685815087
79,INSERCAO,CRESCENTE,ALEATORIA,BINARIA,196766700,1685816084
80,INSERCAO,CRESCENTE,ALEATORIA,BINARIA,189272300,1685817081
81,INSERCAO,CRESCENTE,ALEATORIA,BINARIA,192661200,1685818078
82,INSERCAO,CRESCENTE,ALEATORIA,BINARIA,187619000,1685819075
83,INSERCAO,CRESCENTE,ALEATORIA,BINARIA,180137300,1685820072
84,INSERCAO,CRESCENTE,ALEATORIA,BINARIA,180703000,1685821069
85,INSERCAO,CRESCENTE,ALEATORIA,BINARIA,182416400,1685822066
86,INSERCAO,CRESCENTE,ALEATORIA,BINARIA,197221500,1685823063
87,INSERCAO,CRESCENTE,ALEATORIA,BINARIA,185758700,1685824060
88,INSERCAO,CRESCENTE,ALEATORIA,BINARIA,186087600,1685825057
89,INSERCAO,CRESCENTE,ALEATORIA,BINARIA,181261600,1685826054
90,INSERCAO,CRESCENTE,ALEATORIA,BINARIA,181252300,1685827051
91,INSERCAO,CRESCENTE,ALEATORIA,BINARIA,186590000,1685828048
92,INSERCAO,CRESCENTE,ALEATORIA,BINARIA,189503600,1685829045
93,INSERCAO,CRESCENTE,ALEATORIA,BINARIA,184353000,1685830042
94,INSERCAO,CRESCENTE,ALEATORIA,BINARIA,182429800,1685831039
95,INSERCAO,CRESCENTE,ALEATORIA,BINARIA,192519100,1685832036
96,INSERCAO,CRESCENTE,ALEATORIA,BINARIA,192918700,1685833033
97,INSERCAO,CRESCENTE,ALEATORIA,BINARIA,182134900,1685834030
98,INSERCAO,CRESCENTE,ALEATORIA,BINARIA,182418600,1685835027
99,INSERCAO,CRESCENTE,ALEATORIA,BINARIA,194523800,1685836024
100,INSERCAO,CRESCENTE,ALEATORIA,BINARIA,189099100,1685837021
1,INSERCAO,DECRESCENTE,CRESCENTE,LINEAR,403431000,309399224
2,INSERCAO,DECRESCENTE,CRESCENTE,LINEAR,409820100,309400221
3,INSERCAO,DECRESCENTE,CRESCENTE,LINEAR,390603100,309401218
4,INSERCAO,DECRESCENTE,CRESCENTE,LINEAR,391977700,309402215
5,INSERCAO,DECRESCENTE,CRESCENTE,LINEAR,386050100,309403212
6,INSERCAO,DECRESCENTE,CRESCENTE,LINEAR,390125100,309404209
7,INSERCAO,DECRESCENTE,CRESCENTE,LINEAR,395494700,309405206
8,INSERCAO,DECRESCENTE,CRESCENTE,LINEAR,386510300,309406203
9,INSERCAO,DECRESCENTE,CRESCENTE,LINEAR,389274600,309407200
10,INSERCAO,DECRESCENTE,CRESCENTE,LINEAR,405027200,309408197
11,INSERCAO,DECRESCENTE,CRESCENTE,LINEAR,401726400,309409194
12,INSERCAO,DECRESCENTE,CRESCENTE,LINEAR,393755600,309410191
13,INSERCAO,DECRESCENTE,CRESCENTE,LINEAR,393354100,309411188
14,INSERCAO,DECRESCENTE,CRESCENTE,LINEAR,389618200,309412185
15,INSERCAO,DECRESCENTE,CRESCENTE,LINEAR,385910800,309413182
16,INSERCAO,DECRESCENTE,CRESCENTE,LINEAR,387424500,309414179
17,INSERCAO,DECRESCENTE,CRESCENTE,LINEAR,384722400,309415176
18,INSERCAO,DECRESCENTE,CRESCENTE,LINEAR,398925000,309416173
19,INSERCAO,DECRESCENTE,CRESCENTE,LINEAR,387221700,309417170
20,INSERCAO,DECRESCENTE,CRESCENTE,LINEAR,396141200,309418167
21,INSERCAO,DECRESCENTE,CRESCENTE,LINEAR,383600000,309419164
22,INSERCAO,DECRESCENTE,CRESCENTE,LINEAR,398585600,309420161
23,INSERCAO,DECRESCENTE,CRESCENTE,LINEAR,383145300,309421158
24,INSERCAO,DECRESCENTE,CRESCENTE,LINEAR,389001300,309422155
25,INSERCAO,DECRESCENTE,CRESCENTE,LINEAR,382287500,309423152
26,INSERCAO,DECRESCENTE,CRESCENTE,LINEAR,393417400,309424149
27,INSERCAO,DECRESCENTE,CRESCENTE,LINEAR,392678900,309425146
28,INSERCAO,DECRESCENTE,CRESCENTE,LINEAR,399666900,309426143
29,INSERCAO,DECRESCENTE,CRESCENTE,LINEAR,382619900,309427140
30,INSERCAO,DECRESCENTE,CRESCENTE,LINEAR,402579800,309428137
31,INSERCAO,DECRESCENTE,CRESCENTE,LINEAR,386937200,309429134
32,INSERCAO,DECRESCENTE,CRESCENTE,LINEAR,385449500,309430131
33,INSERCAO,DECRESCENTE,CRESCENTE,LINEAR,425531100,309431128
34,INSERCAO,DECRESCENTE,CRESCENTE,LINEAR,392385700,309432125
35,INSERCAO,DECRESCENTE,CRESCENTE,LINEAR,384440400,309433122
36,INSERCAO,DECRESCENTE,CRESCENTE,LINEAR,393754600,309434119
37,INSERCAO,DECRESCENTE,CRESCENTE,LINEAR,403571600,309435116
38,INSERCAO,DECRESCENTE,CRESCENTE,LINEAR,402101900,309436113
39,INSERCAO,DECRESCENTE,CRESCENTE,LINEAR,380033200,309437110
40,INSERCAO,DECRESCENTE,CRESCENTE,LINEAR,400931500,309438107
41,INSERCAO,DECRESCENTE,CRESCENTE,LINEAR,395138200,309439104
42,INSERCAO,DECRESCENTE,CRESCENTE,LINEAR,398642200,309440101
43,INSERCAO,DECRESCENTE,CRESCENTE,LINEAR,407786700,309441098
44,INSERCAO,DECRESCENTE,CRESCENTE,LINEAR,397144800,309442095
45,INSERCAO,DECRESCENTE,CRESCENTE,LINEAR,398088600,309443092
46,INSERCAO,DECRESCENTE,CRESCENTE,LINEAR,396887000,309444089
47,INSERCAO,DECRESCENTE,CRESCENTE,LINEAR,408936300,309445086
48,INSERCAO,DECRESCENTE,CRESCENTE,LINEAR,399919900,309446083
49,INSERCAO,DECRESCENTE,CRESCENTE,LINEAR,393099100,309447080
50,INSERCAO,DECRESCENTE,CRESCENTE,LINEAR,393524400,309448077
51,INSERCAO,DECRESCENTE,CRESCENTE,LINEAR,417024700,309449074
52,INSERCAO,DECRESCENTE,CRESCENTE,LINEAR,392452500,309450071
53,INSERCAO,DECRESCENTE,CRESCENTE,LINEAR,393330200,309451068
54,INSERCAO,DECRESCENTE,CRESCENTE,LINEAR,382941100,309452065
55,INSERCAO,DECRESCENTE,CRESCENTE,LINEAR,406350300,309453062
56,INSERCAO,DECRESCENTE,CRESCENTE,LINEAR,388026000,309454059
57,INSERCAO,DECRESCENTE,CRESCENTE,LINEAR,393623100,309455056
58,INSERCAO,DECRESCENTE,CRESCENTE,LINEAR,426416200,309456053
59,INSERCAO,DECRESCENTE,CRESCENTE,LINEAR,390900900,309457050
60,INSERCAO,DECRESCENTE,CRESCENTE,LINEAR,393899800,309458047
61,INSERCAO,DECRESCENTE,CRESCENTE,LINEAR,381276000,309459044
62,INSERCAO,DECRESCENTE,CRESCENTE,LINEAR,392268100,309460041
63,INSERCAO,DECRESCENTE,CRESCENTE,LINEAR,406239300,309461038
64,INSERCAO,DECRESCENTE,CRESCENTE,LINEAR,394325000,309462035
65,INSERCAO,DECRESCENTE,CRESCENTE,LINEAR,395541500,309463032
66,INSERCAO,DECRESCENTE,CRESCENTE,LINEAR,383079100,309464029
67,INSERCAO,DECRESCENTE,CRESCENTE,LINEAR,408633500,309465026
68,INSERCAO,DECRESCENTE,CRESCENTE,LINEAR,438946300,309466023
69,INSERCAO,DECRESCENTE,CRESCENTE,LINEAR,387045100,309467020
70,INSERCAO,DECRESCENTE,CRESCENTE,LINEAR,392966100,309468017
71,INSERCAO,DECRESCENTE,CRESCENTE,LINEAR,401245100,309469014
72,INSERCAO,DECRESCENTE,CRESCENTE,LINEAR,387593000,309470011
73,INSERCAO,DECRESCENTE,CRESCENTE,LINEAR,400441500,309471008
74,INSERCAO,DECRESCENTE,CRESCENTE,LINEAR,390977200,309472005
75,INSERCAO,DECRESCENTE,CRESCENTE,LINEAR,415041100,309473002
76,INSERCAO,DECRESCENTE,CRESCENTE,LINEAR,405320700,309473999
77,INSERCAO,DECRESCENTE,CRESCENTE,LINEAR,392721000,309474996
78,INSERCAO,DECRESCENTE,CRESCENTE,LINEAR,412938400,309475993
79,INSERCAO,DECRESCENTE,CRESCENTE,LINEAR,387901800,309476990
80,INSERCAO,DECRESCENTE,CRESCENTE,LINEAR,385142000,309477987
81,INSERCAO,DECRESCENTE,CRESCENTE,LINEAR,394042500,309478984
82,INSERCAO,DECRESCENTE,CRESCENTE,LINEAR,394968400,309479981
83,INSERCAO,DECRESCENTE,CRESCENTE,LINEAR,382412700,309480978
84,INSERCAO,DECRESCENTE,CRESCENTE,LINEAR,380860800,309481975
85,INSERCAO,DECRESCENTE,CRESCENTE,LINEAR,385636400,309482972
86,INSERCAO,DECRESCENTE,CRESCENTE,LINEAR,380825000,309483969
87,INSERCAO,DECRESCENTE,CRESCENTE,LINEAR,382435000,309484966
88,INSERCAO,DECRESCENTE,CRESCENTE,LINEAR,387346300,309485963
89,INSERCAO,DECRESCENTE,CRESCENTE,LINEAR,383590500,309486960
90,INSERCAO,DECRESCENTE,CRESCENTE,LINEAR,387781300,309487957
91,INSERCAO,DECRESCENTE,CRESCENTE,LINEAR,406082500,309488954
92,INSERCAO,DECRESCENTE,CRESCENTE,LINEAR,409402000,309489951
93,INSERCAO,DECRESCENTE,CRESCENTE,LINEAR,381087200,309490948
94,INSERCAO,DECRESCENTE,CRESCENTE,LINEAR,405299600,309491945
95,INSERCAO,DECRESCENTE,CRESCENTE,LINEAR,396592800,309492942
96,INSERCAO,DECRESCENTE,CRESCENTE,LINEAR,383920400,309493939
97,INSERCAO,DECRESCENTE,CRESCENTE,LINEAR,388514300,309494936
98,INSERCAO,DECRESCENTE,CRESCENTE,LINEAR,386870300,309495933
99,INSERCAO,DECRESCENTE,CRESCENTE,LINEAR,391942300,309496930
100,INSERCAO,DECRESCENTE,CRESCENTE,LINEAR,381851000,309497927
1,INSERCAO,DECRESCENTE,CRESCENTE,BINARIA,400422400,108426613
2,INSERCAO,DECRESCENTE,CRESCENTE,BINARIA,395904800,108427610
3,INSERCAO,DECRESCENTE,CRESCENTE,BINARIA,407064100,108428607
4,INSERCAO,DECRESCENTE,CRESCENTE,BINARIA,396753400,108429604
5,INSERCAO,DECRESCENTE,CRESCENTE,BINARIA,388743600,108430601
6,INSERCAO,DECRESCENTE,CRESCENTE,BINARIA,394468700,108431598
7,INSERCAO,DECRESCENTE,CRESCENTE,BINARIA,401527300,108432595
8,INSERCAO,DECRESCENTE,CRESCENTE,BINARIA,404261600,108433592
9,INSERCAO,DECRESCENTE,CRESCENTE,BINARIA,391750700,108434589
10,INSERCAO,DECRESCENTE,CRESCENTE,BINARIA,403113500,108435586
11,INSERCAO,DECRESCENTE,CRESCENTE,BINARIA,391112500,108436583
12,INSERCAO,DECRESCENTE,CRESCENTE,BINARIA,390343400,108437580
13,INSERCAO,DECRESCENTE,CRESCENTE,BINARIA,393812400,108438577
14,INSERCAO,DECRESCENTE,CRESCENTE,BINARIA,450707500,108439574
15,INSERCAO,DECRESCENTE,CRESCENTE,BINARIA,395464800,108440571
16,INSERCAO,DECRESCENTE,CRESCENTE,BINARIA,391712200,108441568
17,INSERCAO,DECRESCENTE,CRESCENTE,BINARIA,396501400,108442565
18,INSERCAO,DECRESCENTE,CRESCENTE,BINARIA,394443600,108443562
19,INSERCAO,DECRESCENTE,CRESCENTE,BINARIA,394351500,108444559
20,INSERCAO,DECRESCENTE,CRESCENTE,BINARIA,401717200,108445556
21,INSERCAO,DECRESCENTE,CRESCENTE,BINARIA,418715400,108446553
22,INSERCAO,DECRESCENTE,CRESCENTE,BINARIA,398054400,108447550
23,INSERCAO,DECRESCENTE,CRESCENTE,BINARIA,412406800,108448547
24,INSERCAO,DECRESCENTE,CRESCENTE,BINARIA,394306900,108449544
25,INSERCAO,DECRESCENTE,CRESCENTE,BINARIA,401906400,108450541
26,INSERCAO,DECRESCENTE,CRESCENTE,BINARIA,413018700,108451538
27,INSERCAO,DECRESCENTE,CRESCENTE,BINARIA,392943000,108452535
28,INSERCAO,DECRESCENTE,CRESCENTE,BINARIA,423189900,108453532
29,INSERCAO,DECRESCENTE,CRESCENTE,BINARIA,393562200,108454529
30,INSERCAO,DECRESCENTE,CRESCENTE,BINARIA,396814500,108455526
31,INSERCAO,DECRESCENTE,CRESCENTE,BINARIA,398037500,108456523
32,INSERCAO,DECRESCENTE,CRESCENTE,BINARIA,405474800,108457520
33,INSERCAO,DECRESCENTE,CRESCENTE,BINARIA,423549400,108458517
34,INSERCAO,DECRESCENTE,CRESCENTE,BINARIA,414790800,108459514
35,INSERCAO,DECRESCENTE,CRESCENTE,BINARIA,417828900,108460511
36,INSERCAO,DECRESCENTE,CRESCENTE,BINARIA,424797900,108461508
37,INSERCAO,DECRESCENTE,CRESCENTE,BINARIA,424800700,108462505
38,INSERCAO,DECRESCENTE,CRESCENTE,BINARIA,437024900,108463502
39,INSERCAO,DECRESCENTE,CRESCENTE,BINARIA,423574100,108464499
40,INSERCAO,DECRESCENTE,CRESCENTE,BINARIA,417108700,108465496
41,INSERCAO,DECRESCENTE,CRESCENTE,BINARIA,428642500,108466493
42,INSERCAO,DECRESCENTE,CRESCENTE,BINARIA,405423600,108467490
43,INSERCAO,DECRESCENTE,CRESCENTE,BINARIA,401901000,108468487
44,INSERCAO,DECRESCENTE,CRESCENTE,BINARIA,414713200,108469484
45,INSERCAO,DECRESCENTE,CRESCENTE,BINARIA,412695700,108470481
46,INSERCAO,DECRESCENTE,CRESCENTE,BINARIA,399414900,108471478
47,INSERCAO,DECRESCENTE,CRESCENTE,BINARIA,395644200,108472475
48,INSERCAO,DECRESCENTE,CRESCENTE,BINARIA,405935400,108473472
49,INSERCAO,DECRESCENTE,CRESCENTE,BINARIA,399483600,108474469
50,INSERCAO,DECRESCENTE,CRESCENTE,BINARIA,395777500,108475466
51,INSERCAO,DECRESCENTE,CRESCENTE,BINARIA,411690500,108476463
52,INSERCAO,DECRESCENTE,CRESCENTE,BINARIA,396924900,108477460
53,INSERCAO,DECRESCENTE,CRESCENTE,BINARIA,395092000,108478457
54,INSERCAO,DECRESCENTE,CRESCENTE,BINARIA,414815900,108479454
55,INSERCAO,DECRESCENTE,CRESCENTE,BINARIA,396904000,108480451
56,INSERCAO,DECRESCENTE,CRESCENTE,BINARIA,403647100,108481448
57,INSERCAO,DECRESCENTE,CRESCENTE,BINARIA,400050600,108482445
58,INSERCAO,DECRESCENTE,CRESCENTE,BINARIA,394649400,108483442
59,INSERCAO,DECRESCENTE,CRESCENTE,BINARIA,392801400,108484439
60,INSERCAO,DECRESCENTE,CRESCENTE,BINARIA,400466600,108485436
61,INSERCAO,DECRESCENTE,CRESCENTE,BINARIA,414041000,108486433
62,INSERCAO,DECRESCENTE,CRESCENTE,BINARIA,396065100,108487430
63,INSERCAO,DECRESCENTE,CRESCENTE,BINARIA,405828300,108488427
64,INSERCAO,DECRESCENTE,CRESCENTE,BINARIA,393240700,108489424
65,INSERCAO,DECRESCENTE,CRESCENTE,BINARIA,395606400,108490421
66,INSERCAO,DECRESCENTE,CRESCENTE,BINARIA,395604000,108491418
67,INSERCAO,DECRESCENTE,CRESCENTE,BINARIA,388522500,108492415
68,INSERCAO,DECRESCENTE,CRESCENTE,BINARIA,391859500,108493412
69,INSERCAO,DECRESCENTE,CRESCENTE,BINARIA,401691100,108494409
70,INSERCAO,DECRESCENTE,CRESCENTE,BINARIA,394715800,108495406
71,INSERCAO,DECRESCENTE,CRESCENTE,BINARIA,401541000,108496403
72,INSERCAO,DECRESCENTE,CRESCENTE,BINARIA,414703400,108497400
73,INSERCAO,DECRESCENTE,CRESCENTE,BINARIA,387690600,108498397
74,INSERCAO,DECRESCENTE,CRESCENTE,BINARIA,403041800,108499394
75,INSERCAO,DECRESCENTE,CRESCENTE,BINARIA,395755400,108500391
76,INSERCAO,DECRESCENTE,CRESCENTE,BINARIA,398680800,108501388
77,INSERCAO,DECRESCENTE,CRESCENTE,BINARIA,389111100,108502385
78,INSERCAO,DECRESCENTE,CRESCENTE,BINARIA,431907700,108503382
79,INSERCAO,DECRESCENTE,CRESCENTE,BINARIA,399071600,108504379
80,INSERCAO,DECRESCENTE,CRESCENTE,BINARIA,393430000,108505376
81,INSERCAO,DECRESCENTE,CRESCENTE,BINARIA,406830700,108506373
82,INSERCAO,DECRESCENTE,CRESCENTE,BINARIA,390450600,108507370
83,INSERCAO,DECRESCENTE,CRESCENTE,BINARIA,458861400,108508367
84,INSERCAO,DECRESCENTE,CRESCENTE,BINARIA,422472700,108509364
85,INSERCAO,DECRESCENTE,CRESCENTE,BINARIA,405825700,108510361
86,INSERCAO,DECRESCENTE,CRESCENTE,BINARIA,406961200,108511358
87,INSERCAO,DECRESCENTE,CRESCENTE,BINARIA,397000000,108512355
88,INSERCAO,DECRESCENTE,CRESCENTE,BINARIA,405343700,108513352
89,INSERCAO,DECRESCENTE,CRESCENTE,BINARIA,427839100,108514349
90,INSERCAO,DECRESCENTE,CRESCENTE,BINARIA,403734700,108515346
91,INSERCAO,DECRESCENTE,CRESCENTE,BINARIA,391390800,108516343
92,INSERCAO,DECRESCENTE,CRESCENTE,BINARIA,412880500,108517340
93,INSERCAO,DECRESCENTE,CRESCENTE,BINARIA,411533000,108518337
94,INSERCAO,DECRESCENTE,CRESCENTE,BINARIA,410160800,108519334
95,INSERCAO,DECRESCENTE,CRESCENTE,BINARIA,442816500,108520331
96,INSERCAO,DECRESCENTE,CRESCENTE,BINARIA,410729400,108521328
97,INSERCAO,DECRESCENTE,CRESCENTE,BINARIA,453668600,108522325
98,INSERCAO,DECRESCENTE,CRESCENTE,BINARIA,418139500,108523322
99,INSERCAO,DECRESCENTE,CRESCENTE,BINARIA,403300300,108524319
100,INSERCAO,DECRESCENTE,CRESCENTE,BINARIA,442715200,108525316
1,INSERCAO,DECRESCENTE,DECRESCENTE,LINEAR,16488601100,1233614487
2,INSERCAO,DECRESCENTE,DECRESCENTE,LINEAR,16354283100,1233615484
3,INSERCAO,DECRESCENTE,DECRESCENTE,LINEAR,16391610100,1233616481
4,INSERCAO,DECRESCENTE,DECRESCENTE,LINEAR,16234028100,1233617478
5,INSERCAO,DECRESCENTE,DECRESCENTE,LINEAR,16346663100,1233618475
6,INSERCAO,DECRESCENTE,DECRESCENTE,LINEAR,16051020000,1233619472
7,INSERCAO,DECRESCENTE,DECRESCENTE,LINEAR,16357748700,1233620469
8,INSERCAO,DECRESCENTE,DECRESCENTE,LINEAR,16274885000,1233621466
9,INSERCAO,DECRESCENTE,DECRESCENTE,LINEAR,16887806300,1233622463
10,INSERCAO,DECRESCENTE,DECRESCENTE,LINEAR,16148447300,1233623460
11,INSERCAO,DECRESCENTE,DECRESCENTE,LINEAR,16326367200,1233624457
12,INSERCAO,DECRESCENTE,DECRESCENTE,LINEAR,16189144100,1233625454
13,INSERCAO,DECRESCENTE,DECRESCENTE,LINEAR,16014450500,1233626451
14,INSERCAO,DECRESCENTE,DECRESCENTE,LINEAR,14855710300,1233627448
15,INSERCAO,DECRESCENTE,DECRESCENTE,LINEAR,14879253400,1233628445
16,INSERCAO,DECRESCENTE,DECRESCENTE,LINEAR,15312752700,1233629442
17,INSERCAO,DECRESCENTE,DECRESCENTE,LINEAR,15324407500,1233630439
18,INSERCAO,DECRESCENTE,DECRESCENTE,LINEAR,15075271200,1233631436
19,INSERCAO,DECRESCENTE,DECRESCENTE,LINEAR,15022384500,1233632433
20,INSERCAO,DECRESCENTE,DECRESCENTE,LINEAR,15055911700,1233633430
21,INSERCAO,DECRESCENTE,DECRESCENTE,LINEAR,15312386000,1233634427
22,INSERCAO,DECRESCENTE,DECRESCENTE,LINEAR,15036558100,1233635424
23,INSERCAO,DECRESCENTE,DECRESCENTE,LINEAR,15112647600,1233636421
24,INSERCAO,DECRESCENTE,DECRESCENTE,LINEAR,14964607100,1233637418
25,INSERCAO,DECRESCENTE,DECRESCENTE,LINEAR,15005817300,1233638415
26,INSERCAO,DECRESCENTE,DECRESCENTE,LINEAR,15130767600,1233639412
27,INSERCAO,DECRESCENTE,DECRESCENTE,LINEAR,15001339200,1233640409
28,INSERCAO,DECRESCENTE,DECRESCENTE,LINEAR,15086402000,1233641406
29,INSERCAO,DECRESCENTE,DECRESCENTE,LINEAR,15018584000,1233642403
30,INSERCAO,DECRESCENTE,DECRESCENTE,LINEAR,15084533200,1233643400
31,INSERCAO,DECRESCENTE,DECRESCENTE,LINEAR,14979271100,1233644397
32,INSERCAO,DECRESCENTE,DECRESCENTE,LINEAR,14981514900,1233645394
33,INSERCAO,DECRESCENTE,DECRESCENTE,LINEAR,15063897200,1233646391
34,INSERCAO,DECRESCENTE,DECRESCENTE,LINEAR,14694853600,1233647388
35,INSERCAO,DECRESCENTE,DECRESCENTE,LINEAR,14826305000,1233648385
36,INSERCAO,DECRESCENTE,DECRESCENTE,LINEAR,14635070200,1233649382
37,INSERCAO,DECRESCENTE,DECRESCENTE,LINEAR,14666485900,1233650379
38,INSERCAO,DECRESCENTE,DECRESCENTE,LINEAR,14647892700,1233651376
39,INSERCAO,DECRESCENTE,DECRESCENTE,LINEAR,14868718000,1233652373
40,INSERCAO,DECRESCENTE,DECRESCENTE,LINEAR,14657716700,1233653370
41,INSERCAO,DECRESCENTE,DECRESCENTE,LINEAR,14698708900,1233654367
42,INSERCAO,DECRESCENTE,DECRESCENTE,LINEAR,14605669300,1233655364
43,INSERCAO,DECRESCENTE,DECRESCENTE,LINEAR,14701758300,1233656361
44,INSERCAO,DECRESCENTE,DECRESCENTE,LINEAR,14777234800,1233657358
45,INSERCAO,DECRESCENTE,DECRESCENTE,LINEAR,14885903000,1233658355
46,INSERCAO,DECRESCENTE,DECRESCENTE,LINEAR,14671130200,1233659352
47,INSERCAO,DECRESCENTE,DECRESCENTE,LINEAR,14687555800,1233660349
48,INSERCAO,DECRESCENTE,DECRESCENTE,LINEAR,14806647100,1233661346
49,INSERCAO,DECRESCENTE,DECRESCENTE,LINEAR,14966306200,1233662343
50,INSERCAO,DECRESCENTE,DECRESCENTE,LINEAR,14671399600,1233663340
51,INSERCAO,DECRESCENTE,DECRESCENTE,LINEAR,14705346800,1233664337
52,INSERCAO,DECRESCENTE,DECRESCENTE,LINEAR,14714427800,1233665334
53,INSERCAO,DECRESCENTE,DECRESCENTE,LINEAR,14820166600,1233666331
54,INSERCAO,DECRESCENTE,DECRESCENTE,LINEAR,14667854100,1233667328
55,INSERCAO,DECRESCENTE,DECRESCENTE,LINEAR,14700121700,1233668325
56,INSERCAO,DECRESCENTE,DECRESCENTE,LINEAR,14728222700,1233669322
57,INSERCAO,DECRESCENTE,DECRESCENTE,LINEAR,14828027300,1233670319
58,INSERCAO,DECRESCENTE,DECRESCENTE,LINEAR,14694122500,1233671316
59,INSERCAO,DECRESCENTE,DECRESCENTE,LINEAR,14673153600,1233672313
60,INSERCAO,DECRESCENTE,DECRESCENTE,LINEAR,14623937200,1233673310
61,INSERCAO,DECRESCENTE,DECRESCENTE,LINEAR,14716896500,1233674307
62,INSERCAO,DECRESCENTE,DECRESCENTE,LINEAR,14812502600,1233675304
63,INSERCAO,DECRESCENTE,DECRESCENTE,LINEAR,14690275200,1233676301
64,INSERCAO,DECRESCENTE,DECRESCENTE,LINEAR,14672264900,1233677298
65,INSERCAO,DECRESCENTE,DECRESCENTE,LINEAR,14666388800,1233678295
66,INSERCAO,DECRESCENTE,DECRESCENTE,LINEAR,14820134700,1233679292
67,INSERCAO,DECRESCENTE,DECRESCENTE,LINEAR,14691520200,1233680289
68,INSERCAO,DECRESCENTE,DECRESCENTE,LINEAR,14675282900,1233681286
69,INSERCAO,DECRESCENTE,DECRESCENTE,LINEAR,14712580200,1233682283
70,INSERCAO,DECRESCENTE,DECRESCENTE,LINEAR,14705348800,1233683280
71,INSERCAO,DECRESCENTE,DECRESCENTE,LINEAR,14721792600,1233684277
72,INSERCAO,DECRESCENTE,DECRESCENTE,LINEAR,14640628500,1233685274
73,INSERCAO,DECRESCENTE,DECRESCENTE,LINEAR,14744007000,1233686271
74,INSERCAO,DECRESCENTE,DECRESCENTE,LINEAR,14718542800,1233687268
75,INSERCAO,DECRESCENTE,DECRESCENTE,LINEAR,14894235300,1233688265
76,INSERCAO,DECRESCENTE,DECRESCENTE,LINEAR,14740479000,1233689262
77,INSERCAO,DECRESCENTE,DECRESCENTE,LINEAR,14627864400,1233690259
78,INSERCAO,DECRESCENTE,DECRESCENTE,LINEAR,14647983800,1233691256
79,INSERCAO,DECRESCENTE,DECRESCENTE,LINEAR,14775021700,1233692253
80,INSERCAO,DECRESCENTE,DECRESCENTE,LINEAR,14688344100,1233693250
81,INSERCAO,DECRESCENTE,DECRESCENTE,LINEAR,14660166500,1233694247
82,INSERCAO,DECRESCENTE,DECRESCENTE,LINEAR,14665920800,1233695244
83,INSERCAO,DECRESCENTE,DECRESCENTE,LINEAR,14706784100,1233696241
84,INSERCAO,DECRESCENTE,DECRESCENTE,LINEAR,14766642000,1233697238
85,INSERCAO,DECRESCENTE,DECRESCENTE,LINEAR,14631710000,1233698235
86,INSERCAO,DECRESCENTE,DECRESCENTE,LINEAR,14631934300,1233699232
87,INSERCAO,DECRESCENTE,DECRESCENTE,LINEAR,14649573200,1233700229
88,INSERCAO,DECRESCENTE,DECRESCENTE,LINEAR,14817600000,1233701226
89,INSERCAO,DECRESCENTE,DECRESCENTE,LINEAR,14691310600,1233702223
90,INSERCAO,DECRESCENTE,DECRESCENTE,LINEAR,15127230000,1233703220
91,INSERCAO,DECRESCENTE,DECRESCENTE,LINEAR,14738470500,1233704217
92,INSERCAO,DECRESCENTE,DECRESCENTE,LINEAR,14694156100,1233705214
93,INSERCAO,DECRESCENTE,DECRESCENTE,LINEAR,14797534900,1233706211
94,INSERCAO,DECRESCENTE,DECRESCENTE,LINEAR,14709703700,1233707208
95,INSERCAO,DECRESCENTE,DECRESCENTE,LINEAR,14891636600,1233708205
96,INSERCAO,DECRESCENTE,DECRESCENTE,LINEAR,14742892100,1233709202
97,INSERCAO,DECRESCENTE,DECRESCENTE,LINEAR,14818271400,1233710199
98,INSERCAO,DECRESCENTE,DECRESCENTE,LINEAR,14717208400,1233711196
99,INSERCAO,DECRESCENTE,DECRESCENTE,LINEAR,14772510400,1233712193
100,INSERCAO,DECRESCENTE,DECRESCENTE,LINEAR,14732004000,1233713190
1,INSERCAO,DECRESCENTE,DECRESCENTE,BINARIA,6040400,-1305671306
2,INSERCAO,DECRESCENTE,DECRESCENTE,BINARIA,5853600,-1305670309
3,INSERCAO,DECRESCENTE,DECRESCENTE,BINARIA,5851400,-1305669312
4,INSERCAO,DECRESCENTE,DECRESCENTE,BINARIA,6695100,-1305668315
5,INSERCAO,DECRESCENTE,DECRESCENTE,BINARIA,6673900,-1305667318
6,INSERCAO,DECRESCENTE,DECRESCENTE,BINARIA,6675200,-1305666321
7,INSERCAO,DECRESCENTE,DECRESCENTE,BINARIA,6795100,-1305665324
8,INSERCAO,DECRESCENTE,DECRESCENTE,BINARIA,6478600,-1305664327
9,INSERCAO,DECRESCENTE,DECRESCENTE,BINARIA,6263600,-1305663330
10,INSERCAO,DECRESCENTE,DECRESCENTE,BINARIA,6044900,-1305662333
11,INSERCAO,DECRESCENTE,DECRESCENTE,BINARIA,6018200,-1305661336
12,INSERCAO,DECRESCENTE,DECRESCENTE,BINARIA,6050400,-1305660339
13,INSERCAO,DECRESCENTE,DECRESCENTE,BINARIA,6012000,-1305659342
14,INSERCAO,DECRESCENTE,DECRESCENTE,BINARIA,6054800,-1305658345
15,INSERCAO,DECRESCENTE,DECRESCENTE,BINARIA,6090400,-1305657348
16,INSERCAO,DECRESCENTE,DECRESCENTE,BINARIA,6036100,-1305656351
17,INSERCAO,DECRESCENTE,DECRESCENTE,BINARIA,6072100,-1305655354
18,INSERCAO,DECRESCENTE,DECRESCENTE,BINARIA,6058400,-1305654357
19,INSERCAO,DECRESCENTE,DECRESCENTE,BINARIA,6317400,-1305653360
20,INSERCAO,DECRESCENTE,DECRESCENTE,BINARIA,6060200,-1305652363
21,INSERCAO,DECRESCENTE,DECRESCENTE,BINARIA,6077400,-1305651366
22,INSERCAO,DECRESCENTE,DECRESCENTE,BINARIA,6043300,-1305650369
23,INSERCAO,DECRESCENTE,DECRESCENTE,BINARIA,6007500,-1305649372
24,INSERCAO,DECRESCENTE,DECRESCENTE,BINARIA,6015200,-1305648375
25,INSERCAO,DECRESCENTE,DECRESCENTE,BINARIA,6009600,-1305647378
26,INSERCAO,DECRESCENTE,DECRESCENTE,BINARIA,6060000,-1305646381
27,INSERCAO,DECRESCENTE,DECRESCENTE,BINARIA,6016600,-1305645384
28,INSERCAO,DECRESCENTE,DECRESCENTE,BINARIA,6005900,-1305644387
29,INSERCAO,DECRESCENTE,DECRESCENTE,BINARIA,6029000,-1305643390
30,INSERCAO,DECRESCENTE,DECRESCENTE,BINARIA,6007400,-1305642393
31,INSERCAO,DECRESCENTE,DECRESCENTE,BINARIA,6050600,-1305641396
32,INSERCAO,DECRESCENTE,DECRESCENTE,BINARIA,6008300,-1305640399
33,INSERCAO,DECRESCENTE,DECRESCENTE,BINARIA,5998100,-1305639402
34,INSERCAO,DECRESCENTE,DECRESCENTE,BINARIA,6051000,-1305638405
35,INSERCAO,DECRESCENTE,DECRESCENTE,BINARIA,6001100,-1305637408
36,INSERCAO,DECRESCENTE,DECRESCENTE,BINARIA,6095700,-1305636411
37,INSERCAO,DECRESCENTE,DECRESCENTE,BINARIA,6008900,-1305635414
38,INSERCAO,DECRESCENTE,DECRESCENTE,BINARIA,6004500,-1305634417
39,INSERCAO,DECRESCENTE,DECRESCENTE,BINARIA,6172700,-1305633420
40,INSERCAO,DECRESCENTE,DECRESCENTE,BINARIA,6029800,-1305632423
41,INSERCAO,DECRESCENTE,DECRESCENTE,BINARIA,5935500,-1305631426
42,INSERCAO,DECRESCENTE,DECRESCENTE,BINARIA,5799100,-1305630429
43,INSERCAO,DECRESCENTE,DECRESCENTE,BINARIA,5762900,-1305629432
44,INSERCAO,DECRESCENTE,DECRESCENTE,BINARIA,5891200,-1305628435
45,INSERCAO,DECRESCENTE,DECRESCENTE,BINARIA,5774800,-1305627438
46,INSERCAO,DECRESCENTE,DECRESCENTE,BINARIA,5742800,-1305626441
47,INSERCAO,DECRESCENTE,DECRESCENTE,BINARIA,5800600,-1305625444
48,INSERCAO,DECRESCENTE,DECRESCENTE,BINARIA,5715100,-1305624447
49,INSERCAO,DECRESCENTE,DECRESCENTE,BINARIA,5842100,-1305623450
50,INSERCAO,DECRESCENTE,DECRESCENTE,BINARIA,5728700,-1305622453
51,INSERCAO,DECRESCENTE,DECRESCENTE,BINARIA,5715200,-1305621456
52,INSERCAO,DECRESCENTE,DECRESCENTE,BINARIA,5869600,-1305620459
53,INSERCAO,DECRESCENTE,DECRESCENTE,BINARIA,5711100,-1305619462
54,INSERCAO,DECRESCENTE,DECRESCENTE,BINARIA,5712900,-1305618465
55,INSERCAO,DECRESCENTE,DECRESCENTE,BINARIA,5820100,-1305617468
56,INSERCAO,DECRESCENTE,DECRESCENTE,BINARIA,5749000,-1305616471
57,INSERCAO,DECRESCENTE,DECRESCENTE,BINARIA,5957100,-1305615474
58,INSERCAO,DECRESCENTE,DECRESCENTE,BINARIA,5638300,-1305614477
59,INSERCAO,DECRESCENTE,DECRESCENTE,BINARIA,5677200,-1305613480
60,INSERCAO,DECRESCENTE,DECRESCENTE,BINARIA,5780500,-1305612483
61,INSERCAO,DECRESCENTE,DECRESCENTE,BINARIA,5587000,-1305611486
62,INSERCAO,DECRESCENTE,DECRESCENTE,BINARIA,5671300,-1305610489
63,INSERCAO,DECRESCENTE,DECRESCENTE,BINARIA,5768400,-1305609492
64,INSERCAO,DECRESCENTE,DECRESCENTE,BINARIA,5621100,-1305608495
65,INSERCAO,DECRESCENTE,DECRESCENTE,BINARIA,5676000,-1305607498
66,INSERCAO,DECRESCENTE,DECRESCENTE,BINARIA,5666500,-1305606501
67,INSERCAO,DECRESCENTE,DECRESCENTE,BINARIA,5624900,-1305605504
68,INSERCAO,DECRESCENTE,DECRESCENTE,BINARIA,5815700,-1305604507
69,INSERCAO,DECRESCENTE,DECRESCENTE,BINARIA,5741500,-1305603510
70,INSERCAO,DECRESCENTE,DECRESCENTE,BINARIA,5609900,-1305602513
71,INSERCAO,DECRESCENTE,DECRESCENTE,BINARIA,5771800,-1305601516
72,INSERCAO,DECRESCENTE,DECRESCENTE,BINARIA,5672600,-1305600519
73,INSERCAO,DECRESCENTE,DECRESCENTE,BINARIA,5672200,-1305599522
74,INSERCAO,DECRESCENTE,DECRESCENTE,BINARIA,6039900,-1305598525
75,INSERCAO,DECRESCENTE,DECRESCENTE,BINARIA,5795100,-1305597528
76,INSERCAO,DECRESCENTE,DECRESCENTE,BINARIA,6005200,-1305596531
77,INSERCAO,DECRESCENTE,DECRESCENTE,BINARIA,5783300,-1305595534
78,INSERCAO,DECRESCENTE,DECRESCENTE,BINARIA,5780800,-1305594537
79,INSERCAO,DECRESCENTE,DECRESCENTE,BINARIA,5928500,-1305593540
80,INSERCAO,DECRESCENTE,DECRESCENTE,BINARIA,5754100,-1305592543
81,INSERCAO,DECRESCENTE,DECRESCENTE,BINARIA,5846600,-1305591546
82,INSERCAO,DECRESCENTE,DECRESCENTE,BINARIA,5746500,-1305590549
83,INSERCAO,DECRESCENTE,DECRESCENTE,BINARIA,5715400,-1305589552
84,INSERCAO,DECRESCENTE,DECRESCENTE,BINARIA,5808700,-1305588555
85,INSERCAO,DECRESCENTE,DECRESCENTE,BINARIA,5746500,-1305587558
86,INSERCAO,DECRESCENTE,DECRESCENTE,BINARIA,5745500,-1305586561
87,INSERCAO,DECRESCENTE,DECRESCENTE,BINARIA,6376100,-1305585564
88,INSERCAO,DECRESCENTE,DECRESCENTE,BINARIA,6466600,-1305584567
89,INSERCAO,DECRESCENTE,DECRESCENTE,BINARIA,6268400,-1305583570
90,INSERCAO,DECRESCENTE,DECRESCENTE,BINARIA,6367600,-1305582573
91,INSERCAO,DECRESCENTE,DECRESCENTE,BINARIA,6017700,-1305581576
92,INSERCAO,DECRESCENTE,DECRESCENTE,BINARIA,6138300,-1305580579
93,INSERCAO,DECRESCENTE,DECRESCENTE,BINARIA,6010400,-1305579582
94,INSERCAO,DECRESCENTE,DECRESCENTE,BINARIA,6082500,-1305578585
95,INSERCAO,DECRESCENTE,DECRESCENTE,BINARIA,6015200,-1305577588
96,INSERCAO,DECRESCENTE,DECRESCENTE,BINARIA,6028200,-1305576591
97,INSERCAO,DECRESCENTE,DECRESCENTE,BINARIA,6102600,-1305575594
98,INSERCAO,DECRESCENTE,DECRESCENTE,BINARIA,6028000,-1305574597
99,INSERCAO,DECRESCENTE,DECRESCENTE,BINARIA,6140200,-1305573600
100,INSERCAO,DECRESCENTE,DECRESCENTE,BINARIA,6016200,-1305572603
1,INSERCAO,DECRESCENTE,ALEATORIA,LINEAR,7581053900,-317257408
2,INSERCAO,DECRESCENTE,ALEATORIA,LINEAR,7508029100,-317256411
3,INSERCAO,DECRESCENTE,ALEATORIA,LINEAR,7642778400,-317255414
4,INSERCAO,DECRESCENTE,ALEATORIA,LINEAR,7496760900,-317254417
5,INSERCAO,DECRESCENTE,ALEATORIA,LINEAR,7473777500,-317253420
6,INSERCAO,DECRESCENTE,ALEATORIA,LINEAR,7477282200,-317252423
7,INSERCAO,DECRESCENTE,ALEATORIA,LINEAR,7536101700,-317251426
8,INSERCAO,DECRESCENTE,ALEATORIA,LINEAR,7525448800,-317250429
9,INSERCAO,DECRESCENTE,ALEATORIA,LINEAR,7507031400,-317249432
10,INSERCAO,DECRESCENTE,ALEATORIA,LINEAR,7507283800,-317248435
11,INSERCAO,DECRESCENTE,ALEATORIA,LINEAR,7672624900,-317247438
12,INSERCAO,DECRESCENTE,ALEATORIA,LINEAR,7591683900,-317246441
13,INSERCAO,DECRESCENTE,ALEATORIA,LINEAR,7664126500,-317245444
14,INSERCAO,DECRESCENTE,ALEATORIA,LINEAR,7665792600,-317244447
15,INSERCAO,DECRESCENTE,ALEATORIA,LINEAR,7571989400,-317243450
16,INSERCAO,DECRESCENTE,ALEATORIA,LINEAR,7573858100,-317242453
17,INSERCAO,DECRESCENTE,ALEATORIA,LINEAR,7532355700,-317241456
18,INSERCAO,DECRESCENTE,ALEATORIA,LINEAR,7568598300,-317240459
19,INSERCAO,DECRESCENTE,ALEATORIA,LINEAR,7592345400,-317239462
20,INSERCAO,DECRESCENTE,ALEATORIA,LINEAR,7682895200,-317238465
21,INSERCAO,DECRESCENTE,ALEATORIA,LINEAR,7588870400,-317237468
22,INSERCAO,DECRESCENTE,ALEATORIA,LINEAR,7554459000,-317236471
23,INSERCAO,DECRESCENTE,ALEATORIA,LINEAR,7590354100,-317235474
24,INSERCAO,DECRESCENTE,ALEATORIA,LINEAR,7585271500,-317234477
25,INSERCAO,DECRESCENTE,ALEATORIA,LINEAR,7498827300,-317233480
26,INSERCAO,DECRESCENTE,ALEATORIA,LINEAR,7522715600,-317232483
27,INSERCAO,DECRESCENTE,ALEATORIA,LINEAR,7579332500,-317231486
28,INSERCAO,DECRESCENTE,ALEATORIA,LINEAR,7523621800,-317230489
29,INSERCAO,DECRESCENTE,ALEATORIA,LINEAR,7630450700,-317229492
30,INSERCAO,DECRESCENTE,ALEATORIA,LINEAR,7565655300,-317228495
31,INSERCAO,DECRESCENTE,ALEATORIA,LINEAR,7566045800,-317227498
32,INSERCAO,DECRESCENTE,ALEATORIA,LINEAR,7598114400,-317226501
33,INSERCAO,DECRESCENTE,ALEATORIA,LINEAR,7560172000,-317225504
34,INSERCAO,DECRESCENTE,ALEATORIA,LINEAR,7535410400,-317224507
35,INSERCAO,DECRESCENTE,ALEATORIA,LINEAR,7560161800,-317223510
36,INSERCAO,DECRESCENTE,ALEATORIA,LINEAR,7522156600,-317222513
37,INSERCAO,DECRESCENTE,ALEATORIA,LINEAR,7613874100,-317221516
38,INSERCAO,DECRESCENTE,ALEATORIA,LINEAR,7647960800,-317220519
39,INSERCAO,DECRESCENTE,ALEATORIA,LINEAR,7513617600,-317219522
40,INSERCAO,DECRESCENTE,ALEATORIA,LINEAR,7555143700,-317218525
41,INSERCAO,DECRESCENTE,ALEATORIA,LINEAR,7543155300,-317217528
42,INSERCAO,DECRESCENTE,ALEATORIA,LINEAR,7494602600,-317216531
43,INSERCAO,DECRESCENTE,ALEATORIA,LINEAR,7570796700,-317215534
44,INSERCAO,DECRESCENTE,ALEATORIA,LINEAR,7528438300,-317214537
45,INSERCAO,DECRESCENTE,ALEATORIA,LINEAR,7532427600,-317213540
46,INSERCAO,DECRESCENTE,ALEATORIA,LINEAR,7731805700,-317212543
47,INSERCAO,DECRESCENTE,ALEATORIA,LINEAR,7559216100,-317211546
48,INSERCAO,DECRESCENTE,ALEATORIA,LINEAR,7612355200,-317210549
49,INSERCAO,DECRESCENTE,ALEATORIA,LINEAR,7518071000,-317209552
50,INSERCAO,DECRESCENTE,ALEATORIA,LINEAR,7515458700,-317208555
51,INSERCAO,DECRESCENTE,ALEATORIA,LINEAR,7527535500,-317207558
52,INSERCAO,DECRESCENTE,ALEATORIA,LINEAR,7516865600,-317206561
53,INSERCAO,DECRESCENTE,ALEATORIA,LINEAR,7525010900,-317205564
54,INSERCAO,DECRESCENTE,ALEATORIA,LINEAR,7551503400,-317204567
55,INSERCAO,DECRESCENTE,ALEATORIA,LINEAR,7689242200,-317203570
56,INSERCAO,DECRESCENTE,ALEATORIA,LINEAR,7547697500,-317202573
57,INSERCAO,DECRESCENTE,ALEATORIA,LINEAR,7563201000,-317201576
58,INSERCAO,DECRESCENTE,ALEATORIA,LINEAR,7636337700,-317200579
59,INSERCAO,DECRESCENTE,ALEATORIA,LINEAR,7882166800,-317199582
60,INSERCAO,DECRESCENTE,ALEATORIA,LINEAR,7584321700,-317198585
61,INSERCAO,DECRESCENTE,ALEATORIA,LINEAR,7628123300,-317197588
62,INSERCAO,DECRESCENTE,ALEATORIA,LINEAR,7767198200,-317196591
63,INSERCAO,DECRESCENTE,ALEATORIA,LINEAR,7563539800,-317195594
64,INSERCAO,DECRESCENTE,ALEATORIA,LINEAR,7584535900,-317194597
65,INSERCAO,DECRESCENTE,ALEATORIA,LINEAR,7585401000,-317193600
66,INSERCAO,DECRESCENTE,ALEATORIA,LINEAR,7565509900,-317192603
67,INSERCAO,DECRESCENTE,ALEATORIA,LINEAR,7531642700,-317191606
68,INSERCAO,DECRESCENTE,ALEATORIA,LINEAR,7513482300,-317190609
69,INSERCAO,DECRESCENTE,ALEATORIA,LINEAR,7538110500,-317189612
70,INSERCAO,DECRESCENTE,ALEATORIA,LINEAR,7578447700,-317188615
71,INSERCAO,DECRESCENTE,ALEATORIA,LINEAR,7527021000,-317187618
72,INSERCAO,DECRESCENTE,ALEATORIA,LINEAR,7676064800,-317186621
73,INSERCAO,DECRESCENTE,ALEATORIA,LINEAR,7604132200,-317185624
74,INSERCAO,DECRESCENTE,ALEATORIA,LINEAR,7586180600,-317184627
75,INSERCAO,DECRESCENTE,ALEATORIA,LINEAR,7554407400,-317183630
76,INSERCAO,DECRESCENTE,ALEATORIA,LINEAR,7566465800,-317182633
77,INSERCAO,DECRESCENTE,ALEATORIA,LINEAR,7538754100,-317181636
78,INSERCAO,DECRESCENTE,ALEATORIA,LINEAR,7559696500,-317180639
79,INSERCAO,DECRESCENTE,ALEATORIA,LINEAR,7550213500,-317179642
80,INSERCAO,DECRESCENTE,ALEATORIA,LINEAR,7535448600,-317178645
81,INSERCAO,DECRESCENTE,ALEATORIA,LINEAR,7668978900,-317177648
82,INSERCAO,DECRESCENTE,ALEATORIA,LINEAR,7522711900,-317176651
83,INSERCAO,DECRESCENTE,ALEATORIA,LINEAR,7547242000,-317175654
84,INSERCAO,DECRESCENTE,ALEATORIA,LINEAR,7554673300,-317174657
85,INSERCAO,DECRESCENTE,ALEATORIA,LINEAR,7547218400,-317173660
86,INSERCAO,DECRESCENTE,ALEATORIA,LINEAR,7558112400,-317172663
87,INSERCAO,DECRESCENTE,ALEATORIA,LINEAR,7552271000,-317171666
88,INSERCAO,DECRESCENTE,ALEATORIA,LINEAR,7522695500,-317170669
89,INSERCAO,DECRESCENTE,ALEATORIA,LINEAR,7533794200,-317169672
90,INSERCAO,DECRESCENTE,ALEATORIA,LINEAR,7731670600,-317168675
91,INSERCAO,DECRESCENTE,ALEATORIA,LINEAR,7552930400,-317167678
92,INSERCAO,DECRESCENTE,ALEATORIA,LINEAR,7511774500,-317166681
93,INSERCAO,DECRESCENTE,ALEATORIA,LINEAR,7550603200,-317165684
94,INSERCAO,DECRESCENTE,ALEATORIA,LINEAR,7675694100,-317164687
95,INSERCAO,DECRESCENTE,ALEATORIA,LINEAR,7537106400,-317163690
96,INSERCAO,DECRESCENTE,ALEATORIA,LINEAR,7573360500,-317162693
97,INSERCAO,DECRESCENTE,ALEATORIA,LINEAR,7545044800,-317161696
98,INSERCAO,DECRESCENTE,ALEATORIA,LINEAR,7648122100,-317160699
99,INSERCAO,DECRESCENTE,ALEATORIA,LINEAR,7622869300,-317159702
100,INSERCAO,DECRESCENTE,ALEATORIA,LINEAR,7522926300,-317158705
1,INSERCAO,DECRESCENTE,ALEATORIA,BINARIA,187966200,2156907501
2,INSERCAO,DECRESCENTE,ALEATORIA,BINARIA,176804000,2156908498
3,INSERCAO,DECRESCENTE,ALEATORIA,BINARIA,178234000,2156909495
4,INSERCAO,DECRESCENTE,ALEATORIA,BINARIA,174927200,2156910492
5,INSERCAO,DECRESCENTE,ALEATORIA,BINARIA,177538700,2156911489
6,INSERCAO,DECRESCENTE,ALEATORIA,BINARIA,184628900,2156912486
7,INSERCAO,DECRESCENTE,ALEATORIA,BINARIA,177904800,2156913483
8,INSERCAO,DECRESCENTE,ALEATORIA,BINARIA,176817500,2156914480
9,INSERCAO,DECRESCENTE,ALEATORIA,BINARIA,176667300,2156915477
10,INSERCAO,DECRESCENTE,ALEATORIA,BINARIA,174626200,2156916474
11,INSERCAO,DECRESCENTE,ALEATORIA,BINARIA,177862200,2156917471
12,INSERCAO,DECRESCENTE,ALEATORIA,BINARIA,181821800,2156918468
13,INSERCAO,DECRESCENTE,ALEATORIA,BINARIA,174444300,2156919465
14,INSERCAO,DECRESCENTE,ALEATORIA,BINARIA,178277900,2156920462
15,INSERCAO,DECRESCENTE,ALEATORIA,BINARIA,174263100,2156921459
16,INSERCAO,DECRESCENTE,ALEATORIA,BINARIA,173199500,2156922456
17,INSERCAO,DECRESCENTE,ALEATORIA,BINARIA,175651200,2156923453
18,INSERCAO,DECRESCENTE,ALEATORIA,BINARIA,180880800,2156924450
19,INSERCAO,DECRESCENTE,ALEATORIA,BINARIA,175290700,2156925447
20,INSERCAO,DECRESCENTE,ALEATORIA,BINARIA,183575900,2156926444
21,INSERCAO,DECRESCENTE,ALEATORIA,BINARIA,180170200,2156927441
22,INSERCAO,DECRESCENTE,ALEATORIA,BINARIA,179650600,2156928438
23,INSERCAO,DECRESCENTE,ALEATORIA,BINARIA,182988100,2156929435
24,INSERCAO,DECRESCENTE,ALEATORIA,BINARIA,175325300,2156930432
25,INSERCAO,DECRESCENTE,ALEATORIA,BINARIA,173660200,2156931429
26,INSERCAO,DECRESCENTE,ALEATORIA,BINARIA,175991200,2156932426
27,INSERCAO,DECRESCENTE,ALEATORIA,BINARIA,171752200,2156933423
28,INSERCAO,DECRESCENTE,ALEATORIA,BINARIA,178180500,2156934420
29,INSERCAO,DECRESCENTE,ALEATORIA,BINARIA,182772100,2156935417
30,INSERCAO,DECRESCENTE,ALEATORIA,BINARIA,171553800,2156936414
31,INSERCAO,DECRESCENTE,ALEATORIA,BINARIA,176762700,2156937411
32,INSERCAO,DECRESCENTE,ALEATORIA,BINARIA,176632800,2156938408
33,INSERCAO,DECRESCENTE,ALEATORIA,BINARIA,171538300,2156939405
34,INSERCAO,DECRESCENTE,ALEATORIA,BINARIA,178624400,2156940402
35,INSERCAO,DECRESCENTE,ALEATORIA,BINARIA,181191400,2156941399
36,INSERCAO,DECRESCENTE,ALEATORIA,BINARIA,172369200,2156942396
37,INSERCAO,DECRESCENTE,ALEATORIA,BINARIA,177515200,2156943393
38,INSERCAO,DECRESCENTE,ALEATORIA,BINARIA,176718100,2156944390
39,INSERCAO,DECRESCENTE,ALEATORIA,BINARIA,172071800,2156945387
40,INSERCAO,DECRESCENTE,ALEATORIA,BINARIA,183610700,2156946384
41,INSERCAO,DECRESCENTE,ALEATORIA,BINARIA,175073600,2156947381
42,INSERCAO,DECRESCENTE,ALEATORIA,BINARIA,174032900,2156948378
43,INSERCAO,DECRESCENTE,ALEATORIA,BINARIA,176370400,2156949375
44,INSERCAO,DECRESCENTE,ALEATORIA,BINARIA,175004600,2156950372
45,INSERCAO,DECRESCENTE,ALEATORIA,BINARIA,172413700,2156951369
46,INSERCAO,DECRESCENTE,ALEATORIA,BINARIA,183771400,2156952366
47,INSERCAO,DECRESCENTE,ALEATORIA,BINARIA,178709200,2156953363
48,INSERCAO,DECRESCENTE,ALEATORIA,BINARIA,172212400,2156954360
49,INSERCAO,DECRESCENTE,ALEATORIA,BINARIA,179568400,2156955357
50,INSERCAO,DECRESCENTE,ALEATORIA,BINARIA,173726300,2156956354
51,INSERCAO,DECRESCENTE,ALEATORIA,BINARIA,176872700,2156957351
52,INSERCAO,DECRESCENTE,ALEATORIA,BINARIA,179261500,2156958348
53,INSERCAO,DECRESCENTE,ALEATORIA,BINARIA,175285200,2156959345
54,INSERCAO,DECRESCENTE,ALEATORIA,BINARIA,177548400,2156960342
55,INSERCAO,DECRESCENTE,ALEATORIA,BINARIA,187698100,2156961339
56,INSERCAO,DECRESCENTE,ALEATORIA,BINARIA,195089000,2156962336
57,INSERCAO,DECRESCENTE,ALEATORIA,BINARIA,194277000,2156963333
58,INSERCAO,DECRESCENTE,ALEATORIA,BINARIA,180056600,2156964330
59,INSERCAO,DECRESCENTE,ALEATORIA,BINARIA,180049600,2156965327
60,INSERCAO,DECRESCENTE,ALEATORIA,BINARIA,175614500,2156966324
61,INSERCAO,DECRESCENTE,ALEATORIA,BINARIA,176710200,2156967321
62,INSERCAO,DECRESCENTE,ALEATORIA,BINARIA,180525900,2156968318
63,INSERCAO,DECRESCENTE,ALEATORIA,BINARIA,177983900,2156969315
64,INSERCAO,DECRESCENTE,ALEATORIA,BINARIA,178367900,2156970312
65,INSERCAO,DECRESCENTE,ALEATORIA,BINARIA,176777200,2156971309
66,INSERCAO,DECRESCENTE,ALEATORIA,BINARIA,178764200,2156972306
67,INSERCAO,DECRESCENTE,ALEATORIA,BINARIA,185156200,2156973303
68,INSERCAO,DECRESCENTE,ALEATORIA,BINARIA,185102800,2156974300
69,INSERCAO,DECRESCENTE,ALEATORIA,BINARIA,174704300,2156975297
70,INSERCAO,DECRESCENTE,ALEATORIA,BINARIA,179894100,2156976294
71,INSERCAO,DECRESCENTE,ALEATORIA,BINARIA,175575000,2156977291
72,INSERCAO,DECRESCENTE,ALEATORIA,BINARIA,175260500,2156978288
73,INSERCAO,DECRESCENTE,ALEATORIA,BINARIA,181334100,2156979285
74,INSERCAO,DECRESCENTE,ALEATORIA,BINARIA,180372100,2156980282
75,INSERCAO,DECRESCENTE,ALEATORIA,BINARIA,175798500,2156981279
76,INSERCAO,DECRESCENTE,ALEATORIA,BINARIA,179491800,2156982276
77,INSERCAO,DECRESCENTE,ALEATORIA,BINARIA,175622000,2156983273
78,INSERCAO,DECRESCENTE,ALEATORIA,BINARIA,179171000,2156984270
79,INSERCAO,DECRESCENTE,ALEATORIA,BINARIA,184597700,2156985267
80,INSERCAO,DECRESCENTE,ALEATORIA,BINARIA,179916800,2156986264
81,INSERCAO,DECRESCENTE,ALEATORIA,BINARIA,173102100,2156987261
82,INSERCAO,DECRESCENTE,ALEATORIA,BINARIA,180873500,2156988258
83,INSERCAO,DECRESCENTE,ALEATORIA,BINARIA,172547600,2156989255
84,INSERCAO,DECRESCENTE,ALEATORIA,BINARIA,175973200,2156990252
85,INSERCAO,DECRESCENTE,ALEATORIA,BINARIA,179907700,2156991249
86,INSERCAO,DECRESCENTE,ALEATORIA,BINARIA,176241000,2156992246
87,INSERCAO,DECRESCENTE,ALEATORIA,BINARIA,176278500,2156993243
88,INSERCAO,DECRESCENTE,ALEATORIA,BINARIA,177416300,2156994240
89,INSERCAO,DECRESCENTE,ALEATORIA,BINARIA,204528600,2156995237
90,INSERCAO,DECRESCENTE,ALEATORIA,BINARIA,184054800,2156996234
91,INSERCAO,DECRESCENTE,ALEATORIA,BINARIA,176732000,2156997231
92,INSERCAO,DECRESCENTE,ALEATORIA,BINARIA,177480600,2156998228
93,INSERCAO,DECRESCENTE,ALEATORIA,BINARIA,177071000,2156999225
94,INSERCAO,DECRESCENTE,ALEATORIA,BINARIA,177065300,2157000222
95,INSERCAO,DECRESCENTE,ALEATORIA,BINARIA,176519400,2157001219
96,INSERCAO,DECRESCENTE,ALEATORIA,BINARIA,184515800,2157002216
97,INSERCAO,DECRESCENTE,ALEATORIA,BINARIA,172408300,2157003213
98,INSERCAO,DECRESCENTE,ALEATORIA,BINARIA,174494700,2157004210
99,INSERCAO,DECRESCENTE,ALEATORIA,BINARIA,179152300,2157005207
100,INSERCAO,DECRESCENTE,ALEATORIA,BINARIA,177541000,2157006204
1,EXCLUSAO,CRESCENTE,CRESCENTE,LINEAR,11023232600,-1418711927
2,EXCLUSAO,CRESCENTE,CRESCENTE,LINEAR,7135225200,-1418710930
3,EXCLUSAO,CRESCENTE,CRESCENTE,LINEAR,1252724300,-1418709933
4,EXCLUSAO,CRESCENTE,CRESCENTE,LINEAR,1261082700,-1418708936
5,EXCLUSAO,CRESCENTE,CRESCENTE,LINEAR,1252447100,-1418707939
6,EXCLUSAO,CRESCENTE,CRESCENTE,LINEAR,1278806400,-1418706942
7,EXCLUSAO,CRESCENTE,CRESCENTE,LINEAR,1266916000,-1418705945
8,EXCLUSAO,CRESCENTE,CRESCENTE,LINEAR,1262658000,-1418704948
9,EXCLUSAO,CRESCENTE,CRESCENTE,LINEAR,1250733300,-1418703951
10,EXCLUSAO,CRESCENTE,CRESCENTE,LINEAR,1272799900,-1418702954
11,EXCLUSAO,CRESCENTE,CRESCENTE,LINEAR,1265807600,-1418701957
12,EXCLUSAO,CRESCENTE,CRESCENTE,LINEAR,1262763500,-1418700960
13,EXCLUSAO,CRESCENTE,CRESCENTE,LINEAR,1281118700,-1418699963
14,EXCLUSAO,CRESCENTE,CRESCENTE,LINEAR,1312256800,-1418698966
15,EXCLUSAO,CRESCENTE,CRESCENTE,LINEAR,1302049100,-1418697969
16,EXCLUSAO,CRESCENTE,CRESCENTE,LINEAR,1264888900,-1418696972
17,EXCLUSAO,CRESCENTE,CRESCENTE,LINEAR,1349555100,-1418695975
18,EXCLUSAO,CRESCENTE,CRESCENTE,LINEAR,1332913200,-1418694978
19,EXCLUSAO,CRESCENTE,CRESCENTE,LINEAR,1319945400,-1418693981
20,EXCLUSAO,CRESCENTE,CRESCENTE,LINEAR,1327878200,-1418692984
21,EXCLUSAO,CRESCENTE,CRESCENTE,LINEAR,1324469300,-1418691987
22,EXCLUSAO,CRESCENTE,CRESCENTE,LINEAR,1283723700,-1418690990
23,EXCLUSAO,CRESCENTE,CRESCENTE,LINEAR,1283582700,-1418689993
24,EXCLUSAO,CRESCENTE,CRESCENTE,LINEAR,1312807200,-1418688996
25,EXCLUSAO,CRESCENTE,CRESCENTE,LINEAR,1288802000,-1418687999
26,EXCLUSAO,CRESCENTE,CRESCENTE,LINEAR,1290761500,-1418687002
27,EXCLUSAO,CRESCENTE,CRESCENTE,LINEAR,1303532500,-1418686005
28,EXCLUSAO,CRESCENTE,CRESCENTE,LINEAR,1285174400,-1418685008
29,EXCLUSAO,CRESCENTE,CRESCENTE,LINEAR,1311761500,-1418684011
30,EXCLUSAO,CRESCENTE,CRESCENTE,LINEAR,1294029600,-1418683014
31,EXCLUSAO,CRESCENTE,CRESCENTE,LINEAR,1259097600,-1418682017
32,EXCLUSAO,CRESCENTE,CRESCENTE,LINEAR,1262123500,-1418681020
33,EXCLUSAO,CRESCENTE,CRESCENTE,LINEAR,1268069400,-1418680023
34,EXCLUSAO,CRESCENTE,CRESCENTE,LINEAR,1258485100,-1418679026
35,EXCLUSAO,CRESCENTE,CRESCENTE,LINEAR,1252876000,-1418678029
36,EXCLUSAO,CRESCENTE,CRESCENTE,LINEAR,1281886300,-1418677032
37,EXCLUSAO,CRESCENTE,CRESCENTE,LINEAR,1319470300,-1418676035
38,EXCLUSAO,CRESCENTE,CRESCENTE,LINEAR,1270007300,-1418675038
39,EXCLUSAO,CRESCENTE,CRESCENTE,LINEAR,1303236300,-1418674041
40,EXCLUSAO,CRESCENTE,CRESCENTE,LINEAR,1342307200,-1418673044
41,EXCLUSAO,CRESCENTE,CRESCENTE,LINEAR,1311887900,-1418672047
42,EXCLUSAO,CRESCENTE,CRESCENTE,LINEAR,1272991000,-1418671050
43,EXCLUSAO,CRESCENTE,CRESCENTE,LINEAR,1274092900,-1418670053
44,EXCLUSAO,CRESCENTE,CRESCENTE,LINEAR,1263543000,-1418669056
45,EXCLUSAO,CRESCENTE,CRESCENTE,LINEAR,1264131300,-1418668059
46,EXCLUSAO,CRESCENTE,CRESCENTE,LINEAR,1258019200,-1418667062
47,EXCLUSAO,CRESCENTE,CRESCENTE,LINEAR,1255772500,-1418666065
48,EXCLUSAO,CRESCENTE,CRESCENTE,LINEAR,1268104600,-1418665068
49,EXCLUSAO,CRESCENTE,CRESCENTE,LINEAR,1246243300,-1418664071
50,EXCLUSAO,CRESCENTE,CRESCENTE,LINEAR,1253755100,-1418663074
51,EXCLUSAO,CRESCENTE,CRESCENTE,LINEAR,1254477300,-1418662077
52,EXCLUSAO,CRESCENTE,CRESCENTE,LINEAR,1265601800,-1418661080
53,EXCLUSAO,CRESCENTE,CRESCENTE,LINEAR,1247905100,-1418660083
54,EXCLUSAO,CRESCENTE,CRESCENTE,LINEAR,1254887400,-1418659086
55,EXCLUSAO,CRESCENTE,CRESCENTE,LINEAR,1252913300,-1418658089
56,EXCLUSAO,CRESCENTE,CRESCENTE,LINEAR,1263354200,-1418657092
57,EXCLUSAO,CRESCENTE,CRESCENTE,LINEAR,1259807200,-1418656095
58,EXCLUSAO,CRESCENTE,CRESCENTE,LINEAR,1263213200,-1418655098
59,EXCLUSAO,CRESCENTE,CRESCENTE,LINEAR,1249987200,-1418654101
60,EXCLUSAO,CRESCENTE,CRESCENTE,LINEAR,1273415100,-1418653104
61,EXCLUSAO,CRESCENTE,CRESCENTE,LINEAR,1256755100,-1418652107
62,EXCLUSAO,CRESCENTE,CRESCENTE,LINEAR,1269338600,-1418651110
63,EXCLUSAO,CRESCENTE,CRESCENTE,LINEAR,1255095700,-1418650113
64,EXCLUSAO,CRESCENTE,CRESCENTE,LINEAR,1276487500,-1418649116
65,EXCLUSAO,CRESCENTE,CRESCENTE,LINEAR,1310833600,-1418648119
66,EXCLUSAO,CRESCENTE,CRESCENTE,LINEAR,1292571400,-1418647122
67,EXCLUSAO,CRESCENTE,CRESCENTE,LINEAR,1294685500,-1418646125
68,EXCLUSAO,CRESCENTE,CRESCENTE,LINEAR,1253261600,-1418645128
69,EXCLUSAO,CRESCENTE,CRESCENTE,LINEAR,1277610700,-1418644131
70,EXCLUSAO,CRESCENTE,CRESCENTE,LINEAR,1250395300,-1418643134
71,EXCLUSAO,CRESCENTE,CRESCENTE,LINEAR,1261750900,-1418642137
72,EXCLUSAO,CRESCENTE,CRESCENTE,LINEAR,1273674000,-1418641140
73,EXCLUSAO,CRESCENTE,CRESCENTE,LINEAR,1254354800,-1418640143
74,EXCLUSAO,CRESCENTE,CRESCENTE,LINEAR,1254861200,-1418639146
75,EXCLUSAO,CRESCENTE,CRESCENTE,LINEAR,1262476400,-1418638149
76,EXCLUSAO,CRESCENTE,CRESCENTE,LINEAR,1285837800,-1418637152
77,EXCLUSAO,CRESCENTE,CRESCENTE,LINEAR,1256670300,-1418636155
78,EXCLUSAO,CRESCENTE,CRESCENTE,LINEAR,1257594900,-1418635158
79,EXCLUSAO,CRESCENTE,CRESCENTE,LINEAR,1260357300,-1418634161
80,EXCLUSAO,CRESCENTE,CRESCENTE,LINEAR,1245211500,-1418633164
81,EXCLUSAO,CRESCENTE,CRESCENTE,LINEAR,1271167700,-1418632167
82,EXCLUSAO,CRESCENTE,CRESCENTE,LINEAR,1269310300,-1418631170
83,EXCLUSAO,CRESCENTE,CRESCENTE,LINEAR,1242272400,-1418630173
84,EXCLUSAO,CRESCENTE,CRESCENTE,LINEAR,1246380300,-1418629176
85,EXCLUSAO,CRESCENTE,CRESCENTE,LINEAR,1262309400,-1418628179
86,EXCLUSAO,CRESCENTE,CRESCENTE,LINEAR,1262000000,-1418627182
87,EXCLUSAO,CRESCENTE,CRESCENTE,LINEAR,1268880600,-1418626185
88,EXCLUSAO,CRESCENTE,CRESCENTE,LINEAR,1282384900,-1418625188
89,EXCLUSAO,CRESCENTE,CRESCENTE,LINEAR,1264718400,-1418624191
90,EXCLUSAO,CRESCENTE,CRESCENTE,LINEAR,1269371000,-1418623194
91,EXCLUSAO,CRESCENTE,CRESCENTE,LINEAR,1283389200,-1418622197
92,EXCLUSAO,CRESCENTE,CRESCENTE,LINEAR,1290363100,-1418621200
93,EXCLUSAO,CRESCENTE,CRESCENTE,LINEAR,1291064900,-1418620203
94,EXCLUSAO,CRESCENTE,CRESCENTE,LINEAR,1249727400,-1418619206
95,EXCLUSAO,CRESCENTE,CRESCENTE,LINEAR,1273509000,-1418618209
96,EXCLUSAO,CRESCENTE,CRESCENTE,LINEAR,1255304000,-1418617212
97,EXCLUSAO,CRESCENTE,CRESCENTE,LINEAR,1253451400,-1418616215
98,EXCLUSAO,CRESCENTE,CRESCENTE,LINEAR,1245836800,-1418615218
99,EXCLUSAO,CRESCENTE,CRESCENTE,LINEAR,1247089100,-1418614221
100,EXCLUSAO,CRESCENTE,CRESCENTE,LINEAR,1253498300,-1418613224
1,EXCLUSAO,CRESCENTE,CRESCENTE,BINARIA,328938500,-1923411516
2,EXCLUSAO,CRESCENTE,CRESCENTE,BINARIA,314629800,-1923410519
3,EXCLUSAO,CRESCENTE,CRESCENTE,BINARIA,314805100,-1923409522
4,EXCLUSAO,CRESCENTE,CRESCENTE,BINARIA,334113200,-1923408525
5,EXCLUSAO,CRESCENTE,CRESCENTE,BINARIA,328481700,-1923407528
6,EXCLUSAO,CRESCENTE,CRESCENTE,BINARIA,324268300,-1923406531
7,EXCLUSAO,CRESCENTE,CRESCENTE,BINARIA,330798500,-1923405534
8,EXCLUSAO,CRESCENTE,CRESCENTE,BINARIA,324806600,-1923404537
9,EXCLUSAO,CRESCENTE,CRESCENTE,BINARIA,322129000,-1923403540
10,EXCLUSAO,CRESCENTE,CRESCENTE,BINARIA,332758700,-1923402543
11,EXCLUSAO,CRESCENTE,CRESCENTE,BINARIA,321818600,-1923401546
12,EXCLUSAO,CRESCENTE,CRESCENTE,BINARIA,323938800,-1923400549
13,EXCLUSAO,CRESCENTE,CRESCENTE,BINARIA,322423500,-1923399552
14,EXCLUSAO,CRESCENTE,CRESCENTE,BINARIA,323941100,-1923398555
15,EXCLUSAO,CRESCENTE,CRESCENTE,BINARIA,316429800,-1923397558
16,EXCLUSAO,CRESCENTE,CRESCENTE,BINARIA,328948900,-1923396561
17,EXCLUSAO,CRESCENTE,CRESCENTE,BINARIA,325024500,-1923395564
18,EXCLUSAO,CRESCENTE,CRESCENTE,BINARIA,320954900,-1923394567
19,EXCLUSAO,CRESCENTE,CRESCENTE,BINARIA,321411900,-1923393570
20,EXCLUSAO,CRESCENTE,CRESCENTE,BINARIA,325579200,-1923392573
21,EXCLUSAO,CRESCENTE,CRESCENTE,BINARIA,314522100,-1923391576
22,EXCLUSAO,CRESCENTE,CRESCENTE,BINARIA,314078100,-1923390579
23,EXCLUSAO,CRESCENTE,CRESCENTE,BINARIA,328504000,-1923389582
24,EXCLUSAO,CRESCENTE,CRESCENTE,BINARIA,311863300,-1923388585
25,EXCLUSAO,CRESCENTE,CRESCENTE,BINARIA,323650200,-1923387588
26,EXCLUSAO,CRESCENTE,CRESCENTE,BINARIA,331943800,-1923386591
27,EXCLUSAO,CRESCENTE,CRESCENTE,BINARIA,337806500,-1923385594
28,EXCLUSAO,CRESCENTE,CRESCENTE,BINARIA,317512100,-1923384597
29,EXCLUSAO,CRESCENTE,CRESCENTE,BINARIA,326555800,-1923383600
30,EXCLUSAO,CRESCENTE,CRESCENTE,BINARIA,312860800,-1923382603
31,EXCLUSAO,CRESCENTE,CRESCENTE,BINARIA,317614800,-1923381606
32,EXCLUSAO,CRESCENTE,CRESCENTE,BINARIA,327417400,-1923380609
33,EXCLUSAO,CRESCENTE,CRESCENTE,BINARIA,320604400,-1923379612
34,EXCLUSAO,CRESCENTE,CRESCENTE,BINARIA,323732800,-1923378615
35,EXCLUSAO,CRESCENTE,CRESCENTE,BINARIA,331542400,-1923377618
36,EXCLUSAO,CRESCENTE,CRESCENTE,BINARIA,323901000,-1923376621
37,EXCLUSAO,CRESCENTE,CRESCENTE,BINARIA,316517600,-1923375624
38,EXCLUSAO,CRESCENTE,CRESCENTE,BINARIA,318815800,-1923374627
39,EXCLUSAO,CRESCENTE,CRESCENTE,BINARIA,316174500,-1923373630
40,EXCLUSAO,CRESCENTE,CRESCENTE,BINARIA,318759600,-1923372633
41,EXCLUSAO,CRESCENTE,CRESCENTE,BINARIA,336183100,-1923371636
42,EXCLUSAO,CRESCENTE,CRESCENTE,BINARIA,320096000,-1923370639
43,EXCLUSAO,CRESCENTE,CRESCENTE,BINARIA,324947100,-1923369642
44,EXCLUSAO,CRESCENTE,CRESCENTE,BINARIA,324552900,-1923368645
45,EXCLUSAO,CRESCENTE,CRESCENTE,BINARIA,321911600,-1923367648
46,EXCLUSAO,CRESCENTE,CRESCENTE,BINARIA,324857500,-1923366651
47,EXCLUSAO,CRESCENTE,CRESCENTE,BINARIA,318415700,-1923365654
48,EXCLUSAO,CRESCENTE,CRESCENTE,BINARIA,319983000,-1923364657
49,EXCLUSAO,CRESCENTE,CRESCENTE,BINARIA,323522300,-1923363660
50,EXCLUSAO,CRESCENTE,CRESCENTE,BINARIA,347284000,-1923362663
51,EXCLUSAO,CRESCENTE,CRESCENTE,BINARIA,324690500,-1923361666
52,EXCLUSAO,CRESCENTE,CRESCENTE,BINARIA,318744200,-1923360669
53,EXCLUSAO,CRESCENTE,CRESCENTE,BINARIA,328474100,-1923359672
54,EXCLUSAO,CRESCENTE,CRESCENTE,BINARIA,328123200,-1923358675
55,EXCLUSAO,CRESCENTE,CRESCENTE,BINARIA,318199400,-1923357678
56,EXCLUSAO,CRESCENTE,CRESCENTE,BINARIA,330445300,-1923356681
57,EXCLUSAO,CRESCENTE,CRESCENTE,BINARIA,318634900,-1923355684
58,EXCLUSAO,CRESCENTE,CRESCENTE,BINARIA,321596700,-1923354687
59,EXCLUSAO,CRESCENTE,CRESCENTE,BINARIA,390110800,-1923353690
60,EXCLUSAO,CRESCENTE,CRESCENTE,BINARIA,320454300,-1923352693
61,EXCLUSAO,CRESCENTE,CRESCENTE,BINARIA,339167600,-1923351696
62,EXCLUSAO,CRESCENTE,CRESCENTE,BINARIA,343218100,-1923350699
63,EXCLUSAO,CRESCENTE,CRESCENTE,BINARIA,330566200,-1923349702
64,EXCLUSAO,CRESCENTE,CRESCENTE,BINARIA,332652800,-1923348705
65,EXCLUSAO,CRESCENTE,CRESCENTE,BINARIA,329834400,-1923347708
66,EXCLUSAO,CRESCENTE,CRESCENTE,BINARIA,344817100,-1923346711
67,EXCLUSAO,CRESCENTE,CRESCENTE,BINARIA,332928400,-1923345714
68,EXCLUSAO,CRESCENTE,CRESCENTE,BINARIA,345491700,-1923344717
69,EXCLUSAO,CRESCENTE,CRESCENTE,BINARIA,334621900,-1923343720
70,EXCLUSAO,CRESCENTE,CRESCENTE,BINARIA,332351900,-1923342723
71,EXCLUSAO,CRESCENTE,CRESCENTE,BINARIA,326763100,-1923341726
72,EXCLUSAO,CRESCENTE,CRESCENTE,BINARIA,328381100,-1923340729
73,EXCLUSAO,CRESCENTE,CRESCENTE,BINARIA,320184500,-1923339732
74,EXCLUSAO,CRESCENTE,CRESCENTE,BINARIA,349942400,-1923338735
75,EXCLUSAO,CRESCENTE,CRESCENTE,BINARIA,341887700,-1923337738
76,EXCLUSAO,CRESCENTE,CRESCENTE,BINARIA,338803600,-1923336741
77,EXCLUSAO,CRESCENTE,CRESCENTE,BINARIA,327754900,-1923335744
78,EXCLUSAO,CRESCENTE,CRESCENTE,BINARIA,325161200,-1923334747
79,EXCLUSAO,CRESCENTE,CRESCENTE,BINARIA,318185900,-1923333750
80,EXCLUSAO,CRESCENTE,CRESCENTE,BINARIA,331733400,-1923332753
81,EXCLUSAO,CRESCENTE,CRESCENTE,BINARIA,327257900,-1923331756
82,EXCLUSAO,CRESCENTE,CRESCENTE,BINARIA,325054900,-1923330759
83,EXCLUSAO,CRESCENTE,CRESCENTE,BINARIA,341088200,-1923329762
84,EXCLUSAO,CRESCENTE,CRESCENTE,BINARIA,327887200,-1923328765
85,EXCLUSAO,CRESCENTE,CRESCENTE,BINARIA,319469000,-1923327768
86,EXCLUSAO,CRESCENTE,CRESCENTE,BINARIA,324899200,-1923326771
87,EXCLUSAO,CRESCENTE,CRESCENTE,BINARIA,330863300,-1923325774
88,EXCLUSAO,CRESCENTE,CRESCENTE,BINARIA,323846300,-1923324777
89,EXCLUSAO,CRESCENTE,CRESCENTE,BINARIA,345963400,-1923323780
90,EXCLUSAO,CRESCENTE,CRESCENTE,BINARIA,327443900,-1923322783
91,EXCLUSAO,CRESCENTE,CRESCENTE,BINARIA,317916200,-1923321786
92,EXCLUSAO,CRESCENTE,CRESCENTE,BINARIA,317260500,-1923320789
93,EXCLUSAO,CRESCENTE,CRESCENTE,BINARIA,329821900,-1923319792
94,EXCLUSAO,CRESCENTE,CRESCENTE,BINARIA,320045400,-1923318795
95,EXCLUSAO,CRESCENTE,CRESCENTE,BINARIA,315454900,-1923317798
96,EXCLUSAO,CRESCENTE,CRESCENTE,BINARIA,340655700,-1923316801
97,EXCLUSAO,CRESCENTE,CRESCENTE,BINARIA,332667300,-1923315804
98,EXCLUSAO,CRESCENTE,CRESCENTE,BINARIA,327058800,-1923314807
99,EXCLUSAO,CRESCENTE,CRESCENTE,BINARIA,327820500,-1923313810
100,EXCLUSAO,CRESCENTE,CRESCENTE,BINARIA,313602800,-1923312813
1,EXCLUSAO,CRESCENTE,DECRESCENTE,LINEAR,376373700,-1623825368
2,EXCLUSAO,CRESCENTE,DECRESCENTE,LINEAR,375318100,-1623824371
3,EXCLUSAO,CRESCENTE,DECRESCENTE,LINEAR,375675800,-1623823374
4,EXCLUSAO,CRESCENTE,DECRESCENTE,LINEAR,378568500,-1623822377
5,EXCLUSAO,CRESCENTE,DECRESCENTE,LINEAR,369346500,-1623821380
6,EXCLUSAO,CRESCENTE,DECRESCENTE,LINEAR,369449600,-1623820383
7,EXCLUSAO,CRESCENTE,DECRESCENTE,LINEAR,375210000,-1623819386
8,EXCLUSAO,CRESCENTE,DECRESCENTE,LINEAR,362550300,-1623818389
9,EXCLUSAO,CRESCENTE,DECRESCENTE,LINEAR,368120800,-1623817392
10,EXCLUSAO,CRESCENTE,DECRESCENTE,LINEAR,370242900,-1623816395
11,EXCLUSAO,CRESCENTE,DECRESCENTE,LINEAR,362750200,-1623815398
12,EXCLUSAO,CRESCENTE,DECRESCENTE,LINEAR,368248000,-1623814401
13,EXCLUSAO,CRESCENTE,DECRESCENTE,LINEAR,365718500,-1623813404
14,EXCLUSAO,CRESCENTE,DECRESCENTE,LINEAR,363103500,-1623812407
15,EXCLUSAO,CRESCENTE,DECRESCENTE,LINEAR,369878600,-1623811410
16,EXCLUSAO,CRESCENTE,DECRESCENTE,LINEAR,366516600,-1623810413
17,EXCLUSAO,CRESCENTE,DECRESCENTE,LINEAR,369373400,-1623809416
18,EXCLUSAO,CRESCENTE,DECRESCENTE,LINEAR,371647800,-1623808419
19,EXCLUSAO,CRESCENTE,DECRESCENTE,LINEAR,365568400,-1623807422
20,EXCLUSAO,CRESCENTE,DECRESCENTE,LINEAR,365878500,-1623806425
21,EXCLUSAO,CRESCENTE,DECRESCENTE,LINEAR,369675800,-1623805428
22,EXCLUSAO,CRESCENTE,DECRESCENTE,LINEAR,363613400,-1623804431
23,EXCLUSAO,CRESCENTE,DECRESCENTE,LINEAR,368310200,-1623803434
24,EXCLUSAO,CRESCENTE,DECRESCENTE,LINEAR,368436200,-1623802437
25,EXCLUSAO,CRESCENTE,DECRESCENTE,LINEAR,364693600,-1623801440
26,EXCLUSAO,CRESCENTE,DECRESCENTE,LINEAR,370018600,-1623800443
27,EXCLUSAO,CRESCENTE,DECRESCENTE,LINEAR,364050000,-1623799446
28,EXCLUSAO,CRESCENTE,DECRESCENTE,LINEAR,364440400,-1623798449
29,EXCLUSAO,CRESCENTE,DECRESCENTE,LINEAR,370866100,-1623797452
30,EXCLUSAO,CRESCENTE,DECRESCENTE,LINEAR,364765300,-1623796455
31,EXCLUSAO,CRESCENTE,DECRESCENTE,LINEAR,364916000,-1623795458
32,EXCLUSAO,CRESCENTE,DECRESCENTE,LINEAR,377855000,-1623794461
33,EXCLUSAO,CRESCENTE,DECRESCENTE,LINEAR,362734600,-1623793464
34,EXCLUSAO,CRESCENTE,DECRESCENTE,LINEAR,370936700,-1623792467
35,EXCLUSAO,CRESCENTE,DECRESCENTE,LINEAR,368311000,-1623791470
36,EXCLUSAO,CRESCENTE,DECRESCENTE,LINEAR,369400300,-1623790473
37,EXCLUSAO,CRESCENTE,DECRESCENTE,LINEAR,376398400,-1623789476
38,EXCLUSAO,CRESCENTE,DECRESCENTE,LINEAR,367320000,-1623788479
39,EXCLUSAO,CRESCENTE,DECRESCENTE,LINEAR,361610100,-1623787482
40,EXCLUSAO,CRESCENTE,DECRESCENTE,LINEAR,369992700,-1623786485
41,EXCLUSAO,CRESCENTE,DECRESCENTE,LINEAR,360412200,-1623785488
42,EXCLUSAO,CRESCENTE,DECRESCENTE,LINEAR,370805500,-1623784491
43,EXCLUSAO,CRESCENTE,DECRESCENTE,LINEAR,371534700,-1623783494
44,EXCLUSAO,CRESCENTE,DECRESCENTE,LINEAR,371742500,-1623782497
45,EXCLUSAO,CRESCENTE,DECRESCENTE,LINEAR,377886000,-1623781500
46,EXCLUSAO,CRESCENTE,DECRESCENTE,LINEAR,370601700,-1623780503
47,EXCLUSAO,CRESCENTE,DECRESCENTE,LINEAR,358109600,-1623779506
48,EXCLUSAO,CRESCENTE,DECRESCENTE,LINEAR,371016900,-1623778509
49,EXCLUSAO,CRESCENTE,DECRESCENTE,LINEAR,358632300,-1623777512
50,EXCLUSAO,CRESCENTE,DECRESCENTE,LINEAR,365555700,-1623776515
51,EXCLUSAO,CRESCENTE,DECRESCENTE,LINEAR,370685900,-1623775518
52,EXCLUSAO,CRESCENTE,DECRESCENTE,LINEAR,360530000,-1623774521
53,EXCLUSAO,CRESCENTE,DECRESCENTE,LINEAR,369967200,-1623773524
54,EXCLUSAO,CRESCENTE,DECRESCENTE,LINEAR,364388200,-1623772527
55,EXCLUSAO,CRESCENTE,DECRESCENTE,LINEAR,361541100,-1623771530
56,EXCLUSAO,CRESCENTE,DECRESCENTE,LINEAR,369880600,-1623770533
57,EXCLUSAO,CRESCENTE,DECRESCENTE,LINEAR,364101700,-1623769536
58,EXCLUSAO,CRESCENTE,DECRESCENTE,LINEAR,363332900,-1623768539
59,EXCLUSAO,CRESCENTE,DECRESCENTE,LINEAR,381759700,-1623767542
60,EXCLUSAO,CRESCENTE,DECRESCENTE,LINEAR,368716700,-1623766545
61,EXCLUSAO,CRESCENTE,DECRESCENTE,LINEAR,363944400,-1623765548
62,EXCLUSAO,CRESCENTE,DECRESCENTE,LINEAR,364136900,-1623764551
63,EXCLUSAO,CRESCENTE,DECRESCENTE,LINEAR,361090100,-1623763554
64,EXCLUSAO,CRESCENTE,DECRESCENTE,LINEAR,368701200,-1623762557
65,EXCLUSAO,CRESCENTE,DECRESCENTE,LINEAR,366954500,-1623761560
66,EXCLUSAO,CRESCENTE,DECRESCENTE,LINEAR,360167000,-1623760563
67,EXCLUSAO,CRESCENTE,DECRESCENTE,LINEAR,370077000,-1623759566
68,EXCLUSAO,CRESCENTE,DECRESCENTE,LINEAR,359112800,-1623758569
69,EXCLUSAO,CRESCENTE,DECRESCENTE,LINEAR,354339600,-1623757572
70,EXCLUSAO,CRESCENTE,DECRESCENTE,LINEAR,369889400,-1623756575
71,EXCLUSAO,CRESCENTE,DECRESCENTE,LINEAR,363580300,-1623755578
72,EXCLUSAO,CRESCENTE,DECRESCENTE,LINEAR,370534200,-1623754581
73,EXCLUSAO,CRESCENTE,DECRESCENTE,LINEAR,367316700,-1623753584
74,EXCLUSAO,CRESCENTE,DECRESCENTE,LINEAR,369375500,-1623752587
75,EXCLUSAO,CRESCENTE,DECRESCENTE,LINEAR,371012900,-1623751590
76,EXCLUSAO,CRESCENTE,DECRESCENTE,LINEAR,362399800,-1623750593
77,EXCLUSAO,CRESCENTE,DECRESCENTE,LINEAR,362767900,-1623749596
78,EXCLUSAO,CRESCENTE,DECRESCENTE,LINEAR,369970700,-1623748599
79,EXCLUSAO,CRESCENTE,DECRESCENTE,LINEAR,373519000,-1623747602
80,EXCLUSAO,CRESCENTE,DECRESCENTE,LINEAR,360887700,-1623746605
81,EXCLUSAO,CRESCENTE,DECRESCENTE,LINEAR,368529700,-1623745608
82,EXCLUSAO,CRESCENTE,DECRESCENTE,LINEAR,366603600,-1623744611
83,EXCLUSAO,CRESCENTE,DECRESCENTE,LINEAR,368370900,-1623743614
84,EXCLUSAO,CRESCENTE,DECRESCENTE,LINEAR,368263600,-1623742617
85,EXCLUSAO,CRESCENTE,DECRESCENTE,LINEAR,365208000,-1623741620
86,EXCLUSAO,CRESCENTE,DECRESCENTE,LINEAR,371805300,-1623740623
87,EXCLUSAO,CRESCENTE,DECRESCENTE,LINEAR,361012100,-1623739626
88,EXCLUSAO,CRESCENTE,DECRESCENTE,LINEAR,356275900,-1623738629
89,EXCLUSAO,CRESCENTE,DECRESCENTE,LINEAR,371419700,-1623737632
90,EXCLUSAO,CRESCENTE,DECRESCENTE,LINEAR,363038200,-1623736635
91,EXCLUSAO,CRESCENTE,DECRESCENTE,LINEAR,371215900,-1623735638
92,EXCLUSAO,CRESCENTE,DECRESCENTE,LINEAR,366056200,-1623734641
93,EXCLUSAO,CRESCENTE,DECRESCENTE,LINEAR,363117100,-1623733644
94,EXCLUSAO,CRESCENTE,DECRESCENTE,LINEAR,366101400,-1623732647
95,EXCLUSAO,CRESCENTE,DECRESCENTE,LINEAR,361176900,-1623731650
96,EXCLUSAO,CRESCENTE,DECRESCENTE,LINEAR,368958800,-1623730653
97,EXCLUSAO,CRESCENTE,DECRESCENTE,LINEAR,386880300,-1623729656
98,EXCLUSAO,CRESCENTE,DECRESCENTE,LINEAR,362468800,-1623728659
99,EXCLUSAO,CRESCENTE,DECRESCENTE,LINEAR,359794300,-1623727662
100,EXCLUSAO,CRESCENTE,DECRESCENTE,LINEAR,372166800,-1623726665
1,EXCLUSAO,CRESCENTE,DECRESCENTE,BINARIA,374456800,308006405
2,EXCLUSAO,CRESCENTE,DECRESCENTE,BINARIA,371780700,308007402
3,EXCLUSAO,CRESCENTE,DECRESCENTE,BINARIA,373460200,308008399
4,EXCLUSAO,CRESCENTE,DECRESCENTE,BINARIA,367659800,308009396
5,EXCLUSAO,CRESCENTE,DECRESCENTE,BINARIA,373445900,308010393
6,EXCLUSAO,CRESCENTE,DECRESCENTE,BINARIA,372285500,308011390
7,EXCLUSAO,CRESCENTE,DECRESCENTE,BINARIA,367897700,308012387
8,EXCLUSAO,CRESCENTE,DECRESCENTE,BINARIA,363946500,308013384
9,EXCLUSAO,CRESCENTE,DECRESCENTE,BINARIA,370437000,308014381
10,EXCLUSAO,CRESCENTE,DECRESCENTE,BINARIA,370215400,308015378
11,EXCLUSAO,CRESCENTE,DECRESCENTE,BINARIA,368308600,308016375
12,EXCLUSAO,CRESCENTE,DECRESCENTE,BINARIA,368600500,308017372
13,EXCLUSAO,CRESCENTE,DECRESCENTE,BINARIA,374015900,308018369
14,EXCLUSAO,CRESCENTE,DECRESCENTE,BINARIA,361374000,308019366
15,EXCLUSAO,CRESCENTE,DECRESCENTE,BINARIA,365043800,308020363
16,EXCLUSAO,CRESCENTE,DECRESCENTE,BINARIA,375094700,308021360
17,EXCLUSAO,CRESCENTE,DECRESCENTE,BINARIA,371631400,308022357
18,EXCLUSAO,CRESCENTE,DECRESCENTE,BINARIA,371894400,308023354
19,EXCLUSAO,CRESCENTE,DECRESCENTE,BINARIA,370063700,308024351
20,EXCLUSAO,CRESCENTE,DECRESCENTE,BINARIA,372438600,308025348
21,EXCLUSAO,CRESCENTE,DECRESCENTE,BINARIA,365850700,308026345
22,EXCLUSAO,CRESCENTE,DECRESCENTE,BINARIA,366966700,308027342
23,EXCLUSAO,CRESCENTE,DECRESCENTE,BINARIA,371935000,308028339
24,EXCLUSAO,CRESCENTE,DECRESCENTE,BINARIA,366924000,308029336
25,EXCLUSAO,CRESCENTE,DECRESCENTE,BINARIA,368038300,308030333
26,EXCLUSAO,CRESCENTE,DECRESCENTE,BINARIA,371107300,308031330
27,EXCLUSAO,CRESCENTE,DECRESCENTE,BINARIA,368055000,308032327
28,EXCLUSAO,CRESCENTE,DECRESCENTE,BINARIA,372843900,308033324
29,EXCLUSAO,CRESCENTE,DECRESCENTE,BINARIA,420289700,308034321
30,EXCLUSAO,CRESCENTE,DECRESCENTE,BINARIA,367404400,308035318
31,EXCLUSAO,CRESCENTE,DECRESCENTE,BINARIA,366238300,308036315
32,EXCLUSAO,CRESCENTE,DECRESCENTE,BINARIA,374592200,308037312
33,EXCLUSAO,CRESCENTE,DECRESCENTE,BINARIA,369108200,308038309
34,EXCLUSAO,CRESCENTE,DECRESCENTE,BINARIA,364115200,308039306
35,EXCLUSAO,CRESCENTE,DECRESCENTE,BINARIA,369557600,308040303
36,EXCLUSAO,CRESCENTE,DECRESCENTE,BINARIA,370200000,308041300
37,EXCLUSAO,CRESCENTE,DECRESCENTE,BINARIA,369566600,308042297
38,EXCLUSAO,CRESCENTE,DECRESCENTE,BINARIA,361055700,308043294
39,EXCLUSAO,CRESCENTE,DECRESCENTE,BINARIA,366422800,308044291
40,EXCLUSAO,CRESCENTE,DECRESCENTE,BINARIA,375551300,308045288
41,EXCLUSAO,CRESCENTE,DECRESCENTE,BINARIA,366239000,308046285
42,EXCLUSAO,CRESCENTE,DECRESCENTE,BINARIA,372243000,308047282
43,EXCLUSAO,CRESCENTE,DECRESCENTE,BINARIA,374401200,308048279
44,EXCLUSAO,CRESCENTE,DECRESCENTE,BINARIA,376077600,308049276
45,EXCLUSAO,CRESCENTE,DECRESCENTE,BINARIA,384169600,308050273
46,EXCLUSAO,CRESCENTE,DECRESCENTE,BINARIA,388661000,308051270
47,EXCLUSAO,CRESCENTE,DECRESCENTE,BINARIA,363737900,308052267
48,EXCLUSAO,CRESCENTE,DECRESCENTE,BINARIA,386550200,308053264
49,EXCLUSAO,CRESCENTE,DECRESCENTE,BINARIA,369048200,308054261
50,EXCLUSAO,CRESCENTE,DECRESCENTE,BINARIA,382203400,308055258
51,EXCLUSAO,CRESCENTE,DECRESCENTE,BINARIA,381016600,308056255
52,EXCLUSAO,CRESCENTE,DECRESCENTE,BINARIA,375841900,308057252
53,EXCLUSAO,CRESCENTE,DECRESCENTE,BINARIA,406256000,308058249
54,EXCLUSAO,CRESCENTE,DECRESCENTE,BINARIA,376164000,308059246
55,EXCLUSAO,CRESCENTE,DECRESCENTE,BINARIA,373610900,308060243
56,EXCLUSAO,CRESCENTE,DECRESCENTE,BINARIA,386525700,308061240
57,EXCLUSAO,CRESCENTE,DECRESCENTE,BINARIA,375972200,308062237
58,EXCLUSAO,CRESCENTE,DECRESCENTE,BINARIA,368492700,308063234
59,EXCLUSAO,CRESCENTE,DECRESCENTE,BINARIA,381604500,308064231
60,EXCLUSAO,CRESCENTE,DECRESCENTE,BINARIA,373967400,308065228
61,EXCLUSAO,CRESCENTE,DECRESCENTE,BINARIA,375435100,308066225
62,EXCLUSAO,CRESCENTE,DECRESCENTE,BINARIA,367855200,308067222
63,EXCLUSAO,CRESCENTE,DECRESCENTE,BINARIA,372902600,308068219
64,EXCLUSAO,CRESCENTE,DECRESCENTE,BINARIA,374077700,308069216
65,EXCLUSAO,CRESCENTE,DECRESCENTE,BINARIA,365014100,308070213
66,EXCLUSAO,CRESCENTE,DECRESCENTE,BINARIA,370732800,308071210
67,EXCLUSAO,CRESCENTE,DECRESCENTE,BINARIA,376537100,308072207
68,EXCLUSAO,CRESCENTE,DECRESCENTE,BINARIA,366857900,308073204
69,EXCLUSAO,CRESCENTE,DECRESCENTE,BINARIA,376273400,308074201
70,EXCLUSAO,CRESCENTE,DECRESCENTE,BINARIA,373565100,308075198
71,EXCLUSAO,CRESCENTE,DECRESCENTE,BINARIA,366780700,308076195
72,EXCLUSAO,CRESCENTE,DECRESCENTE,BINARIA,375747000,308077192
73,EXCLUSAO,CRESCENTE,DECRESCENTE,BINARIA,370985400,308078189
74,EXCLUSAO,CRESCENTE,DECRESCENTE,BINARIA,366930100,308079186
75,EXCLUSAO,CRESCENTE,DECRESCENTE,BINARIA,373784100,308080183
76,EXCLUSAO,CRESCENTE,DECRESCENTE,BINARIA,368355600,308081180
77,EXCLUSAO,CRESCENTE,DECRESCENTE,BINARIA,374455300,308082177
78,EXCLUSAO,CRESCENTE,DECRESCENTE,BINARIA,367419600,308083174
79,EXCLUSAO,CRESCENTE,DECRESCENTE,BINARIA,365667700,308084171
80,EXCLUSAO,CRESCENTE,DECRESCENTE,BINARIA,372976600,308085168
81,EXCLUSAO,CRESCENTE,DECRESCENTE,BINARIA,367359200,308086165
82,EXCLUSAO,CRESCENTE,DECRESCENTE,BINARIA,364179900,308087162
83,EXCLUSAO,CRESCENTE,DECRESCENTE,BINARIA,373318600,308088159
84,EXCLUSAO,CRESCENTE,DECRESCENTE,BINARIA,364928700,308089156
85,EXCLUSAO,CRESCENTE,DECRESCENTE,BINARIA,363501300,308090153
86,EXCLUSAO,CRESCENTE,DECRESCENTE,BINARIA,378018600,308091150
87,EXCLUSAO,CRESCENTE,DECRESCENTE,BINARIA,371927300,308092147
88,EXCLUSAO,CRESCENTE,DECRESCENTE,BINARIA,371269500,308093144
89,EXCLUSAO,CRESCENTE,DECRESCENTE,BINARIA,359943800,308094141
90,EXCLUSAO,CRESCENTE,DECRESCENTE,BINARIA,368440000,308095138
91,EXCLUSAO,CRESCENTE,DECRESCENTE,BINARIA,377684900,308096135
92,EXCLUSAO,CRESCENTE,DECRESCENTE,BINARIA,363105800,308097132
93,EXCLUSAO,CRESCENTE,DECRESCENTE,BINARIA,368486800,308098129
94,EXCLUSAO,CRESCENTE,DECRESCENTE,BINARIA,373595300,308099126
95,EXCLUSAO,CRESCENTE,DECRESCENTE,BINARIA,365960200,308100123
96,EXCLUSAO,CRESCENTE,DECRESCENTE,BINARIA,369152300,308101120
97,EXCLUSAO,CRESCENTE,DECRESCENTE,BINARIA,369178900,308102117
98,EXCLUSAO,CRESCENTE,DECRESCENTE,BINARIA,368713500,308103114
99,EXCLUSAO,CRESCENTE,DECRESCENTE,BINARIA,376455100,308104111
100,EXCLUSAO,CRESCENTE,DECRESCENTE,BINARIA,366785600,308105108
1,EXCLUSAO,CRESCENTE,ALEATORIA,LINEAR,903668100,-2045368559
2,EXCLUSAO,CRESCENTE,ALEATORIA,LINEAR,902889200,-2045367562
3,EXCLUSAO,CRESCENTE,ALEATORIA,LINEAR,897539600,-2045366565
4,EXCLUSAO,CRESCENTE,ALEATORIA,LINEAR,893169200,-2045365568
5,EXCLUSAO,CRESCENTE,ALEATORIA,LINEAR,888204300,-2045364571
6,EXCLUSAO,CRESCENTE,ALEATORIA,LINEAR,900089900,-2045363574
7,EXCLUSAO,CRESCENTE,ALEATORIA,LINEAR,894074600,-2045362577
8,EXCLUSAO,CRESCENTE,ALEATORIA,LINEAR,888907300,-2045361580
9,EXCLUSAO,CRESCENTE,ALEATORIA,LINEAR,890357300,-2045360583
10,EXCLUSAO,CRESCENTE,ALEATORIA,LINEAR,923949300,-2045359586
11,EXCLUSAO,CRESCENTE,ALEATORIA,LINEAR,898934200,-2045358589
12,EXCLUSAO,CRESCENTE,ALEATORIA,LINEAR,882675400,-2045357592
13,EXCLUSAO,CRESCENTE,ALEATORIA,LINEAR,892397300,-2045356595
14,EXCLUSAO,CRESCENTE,ALEATORIA,LINEAR,910609300,-2045355598
15,EXCLUSAO,CRESCENTE,ALEATORIA,LINEAR,906111200,-2045354601
16,EXCLUSAO,CRESCENTE,ALEATORIA,LINEAR,891411400,-2045353604
17,EXCLUSAO,CRESCENTE,ALEATORIA,LINEAR,900722700,-2045352607
18,EXCLUSAO,CRESCENTE,ALEATORIA,LINEAR,927574000,-2045351610
19,EXCLUSAO,CRESCENTE,ALEATORIA,LINEAR,1156999300,-2045350613
20,EXCLUSAO,CRESCENTE,ALEATORIA,LINEAR,902124500,-2045349616
21,EXCLUSAO,CRESCENTE,ALEATORIA,LINEAR,907731500,-2045348619
22,EXCLUSAO,CRESCENTE,ALEATORIA,LINEAR,899952500,-2045347622
23,EXCLUSAO,CRESCENTE,ALEATORIA,LINEAR,889655600,-2045346625
24,EXCLUSAO,CRESCENTE,ALEATORIA,LINEAR,892573800,-2045345628
25,EXCLUSAO,CRESCENTE,ALEATORIA,LINEAR,893239500,-2045344631
26,EXCLUSAO,CRESCENTE,ALEATORIA,LINEAR,905664500,-2045343634
27,EXCLUSAO,CRESCENTE,ALEATORIA,LINEAR,932974200,-2045342637
28,EXCLUSAO,CRESCENTE,ALEATORIA,LINEAR,892824600,-2045341640
29,EXCLUSAO,CRESCENTE,ALEATORIA,LINEAR,885199900,-2045340643
30,EXCLUSAO,CRESCENTE,ALEATORIA,LINEAR,886428900,-2045339646
31,EXCLUSAO,CRESCENTE,ALEATORIA,LINEAR,903534900,-2045338649
32,EXCLUSAO,CRESCENTE,ALEATORIA,LINEAR,891181800,-2045337652
33,EXCLUSAO,CRESCENTE,ALEATORIA,LINEAR,896181500,-2045336655
34,EXCLUSAO,CRESCENTE,ALEATORIA,LINEAR,890682400,-2045335658
35,EXCLUSAO,CRESCENTE,ALEATORIA,LINEAR,894229300,-2045334661
36,EXCLUSAO,CRESCENTE,ALEATORIA,LINEAR,890024600,-2045333664
37,EXCLUSAO,CRESCENTE,ALEATORIA,LINEAR,890687100,-2045332667
38,EXCLUSAO,CRESCENTE,ALEATORIA,LINEAR,894896000,-2045331670
39,EXCLUSAO,CRESCENTE,ALEATORIA,LINEAR,892550400,-2045330673
40,EXCLUSAO,CRESCENTE,ALEATORIA,LINEAR,894601400,-2045329676
41,EXCLUSAO,CRESCENTE,ALEATORIA,LINEAR,891956500,-2045328679
42,EXCLUSAO,CRESCENTE,ALEATORIA,LINEAR,897747200,-2045327682
43,EXCLUSAO,CRESCENTE,ALEATORIA,LINEAR,900010500,-2045326685
44,EXCLUSAO,CRESCENTE,ALEATORIA,LINEAR,897224200,-2045325688
45,EXCLUSAO,CRESCENTE,ALEATORIA,LINEAR,900661400,-2045324691
46,EXCLUSAO,CRESCENTE,ALEATORIA,LINEAR,888451100,-2045323694
47,EXCLUSAO,CRESCENTE,ALEATORIA,LINEAR,910259000,-2045322697
48,EXCLUSAO,CRESCENTE,ALEATORIA,LINEAR,898461400,-2045321700
49,EXCLUSAO,CRESCENTE,ALEATORIA,LINEAR,884413400,-2045320703
50,EXCLUSAO,CRESCENTE,ALEATORIA,LINEAR,912315600,-2045319706
51,EXCLUSAO,CRESCENTE,ALEATORIA,LINEAR,917250300,-2045318709
52,EXCLUSAO,CRESCENTE,ALEATORIA,LINEAR,911314900,-2045317712
53,EXCLUSAO,CRESCENTE,ALEATORIA,LINEAR,890766900,-2045316715
54,EXCLUSAO,CRESCENTE,ALEATORIA,LINEAR,932882100,-2045315718
55,EXCLUSAO,CRESCENTE,ALEATORIA,LINEAR,921243300,-2045314721
56,EXCLUSAO,CRESCENTE,ALEATORIA,LINEAR,891303100,-2045313724
57,EXCLUSAO,CRESCENTE,ALEATORIA,LINEAR,896188100,-2045312727
58,EXCLUSAO,CRESCENTE,ALEATORIA,LINEAR,887142000,-2045311730
59,EXCLUSAO,CRESCENTE,ALEATORIA,LINEAR,896837000,-2045310733
60,EXCLUSAO,CRESCENTE,ALEATORIA,LINEAR,889839100,-2045309736
61,EXCLUSAO,CRESCENTE,ALEATORIA,LINEAR,892524100,-2045308739
62,EXCLUSAO,CRESCENTE,ALEATORIA,LINEAR,890233000,-2045307742
63,EXCLUSAO,CRESCENTE,ALEATORIA,LINEAR,883697700,-2045306745
64,EXCLUSAO,CRESCENTE,ALEATORIA,LINEAR,883314200,-2045305748
65,EXCLUSAO,CRESCENTE,ALEATORIA,LINEAR,895808500,-2045304751
66,EXCLUSAO,CRESCENTE,ALEATORIA,LINEAR,892375400,-2045303754
67,EXCLUSAO,CRESCENTE,ALEATORIA,LINEAR,910408800,-2045302757
68,EXCLUSAO,CRESCENTE,ALEATORIA,LINEAR,890741400,-2045301760
69,EXCLUSAO,CRESCENTE,ALEATORIA,LINEAR,886122800,-2045300763
70,EXCLUSAO,CRESCENTE,ALEATORIA,LINEAR,910947400,-2045299766
71,EXCLUSAO,CRESCENTE,ALEATORIA,LINEAR,904054600,-2045298769
72,EXCLUSAO,CRESCENTE,ALEATORIA,LINEAR,919972700,-2045297772
73,EXCLUSAO,CRESCENTE,ALEATORIA,LINEAR,892659500,-2045296775
74,EXCLUSAO,CRESCENTE,ALEATORIA,LINEAR,889957600,-2045295778
75,EXCLUSAO,CRESCENTE,ALEATORIA,LINEAR,895979100,-2045294781
76,EXCLUSAO,CRESCENTE,ALEATORIA,LINEAR,886053700,-2045293784
77,EXCLUSAO,CRESCENTE,ALEATORIA,LINEAR,899263800,-2045292787
78,EXCLUSAO,CRESCENTE,ALEATORIA,LINEAR,902522300,-2045291790
79,EXCLUSAO,CRESCENTE,ALEATORIA,LINEAR,888105600,-2045290793
80,EXCLUSAO,CRESCENTE,ALEATORIA,LINEAR,891090200,-2045289796
81,EXCLUSAO,CRESCENTE,ALEATORIA,LINEAR,908787500,-2045288799
82,EXCLUSAO,CRESCENTE,ALEATORIA,LINEAR,882250300,-2045287802
83,EXCLUSAO,CRESCENTE,ALEATORIA,LINEAR,881235400,-2045286805
84,EXCLUSAO,CRESCENTE,ALEATORIA,LINEAR,910620300,-2045285808
85,EXCLUSAO,CRESCENTE,ALEATORIA,LINEAR,899901700,-2045284811
86,EXCLUSAO,CRESCENTE,ALEATORIA,LINEAR,893667000,-2045283814
87,EXCLUSAO,CRESCENTE,ALEATORIA,LINEAR,892743100,-2045282817
88,EXCLUSAO,CRESCENTE,ALEATORIA,LINEAR,890087300,-2045281820
89,EXCLUSAO,CRESCENTE,ALEATORIA,LINEAR,899225800,-2045280823
90,EXCLUSAO,CRESCENTE,ALEATORIA,LINEAR,897501700,-2045279826
91,EXCLUSAO,CRESCENTE,ALEATORIA,LINEAR,891216500,-2045278829
92,EXCLUSAO,CRESCENTE,ALEATORIA,LINEAR,886397500,-2045277832
93,EXCLUSAO,CRESCENTE,ALEATORIA,LINEAR,890724100,-2045276835
94,EXCLUSAO,CRESCENTE,ALEATORIA,LINEAR,972966100,-2045275838
95,EXCLUSAO,CRESCENTE,ALEATORIA,LINEAR,941155300,-2045274841
96,EXCLUSAO,CRESCENTE,ALEATORIA,LINEAR,941412500,-2045273844
97,EXCLUSAO,CRESCENTE,ALEATORIA,LINEAR,924521400,-2045272847
98,EXCLUSAO,CRESCENTE,ALEATORIA,LINEAR,934645700,-2045271850
99,EXCLUSAO,CRESCENTE,ALEATORIA,LINEAR,989072800,-2045270853
100,EXCLUSAO,CRESCENTE,ALEATORIA,LINEAR,950800700,-2045269856
1,EXCLUSAO,CRESCENTE,ALEATORIA,BINARIA,367236500,125069372
2,EXCLUSAO,CRESCENTE,ALEATORIA,BINARIA,370361800,125070369
3,EXCLUSAO,CRESCENTE,ALEATORIA,BINARIA,372213800,125071366
4,EXCLUSAO,CRESCENTE,ALEATORIA,BINARIA,364396400,125072363
5,EXCLUSAO,CRESCENTE,ALEATORIA,BINARIA,367380400,125073360
6,EXCLUSAO,CRESCENTE,ALEATORIA,BINARIA,362836500,125074357
7,EXCLUSAO,CRESCENTE,ALEATORIA,BINARIA,355465100,125075354
8,EXCLUSAO,CRESCENTE,ALEATORIA,BINARIA,354628900,125076351
9,EXCLUSAO,CRESCENTE,ALEATORIA,BINARIA,354114500,125077348
10,EXCLUSAO,CRESCENTE,ALEATORIA,BINARIA,350712600,125078345
11,EXCLUSAO,CRESCENTE,ALEATORIA,BINARIA,354997200,125079342
12,EXCLUSAO,CRESCENTE,ALEATORIA,BINARIA,349094200,125080339
13,EXCLUSAO,CRESCENTE,ALEATORIA,BINARIA,350241700,125081336
14,EXCLUSAO,CRESCENTE,ALEATORIA,BINARIA,352039700,125082333
15,EXCLUSAO,CRESCENTE,ALEATORIA,BINARIA,346480300,125083330
16,EXCLUSAO,CRESCENTE,ALEATORIA,BINARIA,347903900,125084327
17,EXCLUSAO,CRESCENTE,ALEATORIA,BINARIA,354710500,125085324
18,EXCLUSAO,CRESCENTE,ALEATORIA,BINARIA,346079700,125086321
19,EXCLUSAO,CRESCENTE,ALEATORIA,BINARIA,343165300,125087318
20,EXCLUSAO,CRESCENTE,ALEATORIA,BINARIA,358310400,125088315
21,EXCLUSAO,CRESCENTE,ALEATORIA,BINARIA,342807200,125089312
22,EXCLUSAO,CRESCENTE,ALEATORIA,BINARIA,351749900,125090309
23,EXCLUSAO,CRESCENTE,ALEATORIA,BINARIA,357943200,125091306
24,EXCLUSAO,CRESCENTE,ALEATORIA,BINARIA,358595600,125092303
25,EXCLUSAO,CRESCENTE,ALEATORIA,BINARIA,348840100,125093300
26,EXCLUSAO,CRESCENTE,ALEATORIA,BINARIA,358135500,125094297
27,EXCLUSAO,CRESCENTE,ALEATORIA,BINARIA,347667200,125095294
28,EXCLUSAO,CRESCENTE,ALEATORIA,BINARIA,354553700,125096291
29,EXCLUSAO,CRESCENTE,ALEATORIA,BINARIA,353885600,125097288
30,EXCLUSAO,CRESCENTE,ALEATORIA,BINARIA,345375600,125098285
31,EXCLUSAO,CRESCENTE,ALEATORIA,BINARIA,351013900,125099282
32,EXCLUSAO,CRESCENTE,ALEATORIA,BINARIA,351205900,125100279
33,EXCLUSAO,CRESCENTE,ALEATORIA,BINARIA,347355300,125101276
34,EXCLUSAO,CRESCENTE,ALEATORIA,BINARIA,387314400,125102273
35,EXCLUSAO,CRESCENTE,ALEATORIA,BINARIA,356408100,125103270
36,EXCLUSAO,CRESCENTE,ALEATORIA,BINARIA,348655800,125104267
37,EXCLUSAO,CRESCENTE,ALEATORIA,BINARIA,356200000,125105264
38,EXCLUSAO,CRESCENTE,ALEATORIA,BINARIA,351664300,125106261
39,EXCLUSAO,CRESCENTE,ALEATORIA,BINARIA,344791100,125107258
40,EXCLUSAO,CRESCENTE,ALEATORIA,BINARIA,354742000,125108255
41,EXCLUSAO,CRESCENTE,ALEATORIA,BINARIA,352872500,125109252
42,EXCLUSAO,CRESCENTE,ALEATORIA,BINARIA,349009900,125110249
43,EXCLUSAO,CRESCENTE,ALEATORIA,BINARIA,356410900,125111246
44,EXCLUSAO,CRESCENTE,ALEATORIA,BINARIA,350442500,125112243
45,EXCLUSAO,CRESCENTE,ALEATORIA,BINARIA,353857900,125113240
46,EXCLUSAO,CRESCENTE,ALEATORIA,BINARIA,352975400,125114237
47,EXCLUSAO,CRESCENTE,ALEATORIA,BINARIA,346742400,125115234
48,EXCLUSAO,CRESCENTE,ALEATORIA,BINARIA,346950900,125116231
49,EXCLUSAO,CRESCENTE,ALEATORIA,BINARIA,351332400,125117228
50,EXCLUSAO,CRESCENTE,ALEATORIA,BINARIA,345652000,125118225
51,EXCLUSAO,CRESCENTE,ALEATORIA,BINARIA,358400500,125119222
52,EXCLUSAO,CRESCENTE,ALEATORIA,BINARIA,347378600,125120219
53,EXCLUSAO,CRESCENTE,ALEATORIA,BINARIA,344069500,125121216
54,EXCLUSAO,CRESCENTE,ALEATORIA,BINARIA,354299900,125122213
55,EXCLUSAO,CRESCENTE,ALEATORIA,BINARIA,349234700,125123210
56,EXCLUSAO,CRESCENTE,ALEATORIA,BINARIA,353742800,125124207
57,EXCLUSAO,CRESCENTE,ALEATORIA,BINARIA,358254400,125125204
58,EXCLUSAO,CRESCENTE,ALEATORIA,BINARIA,361227200,125126201
59,EXCLUSAO,CRESCENTE,ALEATORIA,BINARIA,367030400,125127198
60,EXCLUSAO,CRESCENTE,ALEATORIA,BINARIA,360073800,125128195
61,EXCLUSAO,CRESCENTE,ALEATORIA,BINARIA,350680000,125129192
62,EXCLUSAO,CRESCENTE,ALEATORIA,BINARIA,368223800,125130189
63,EXCLUSAO,CRESCENTE,ALEATORIA,BINARIA,351637400,125131186
64,EXCLUSAO,CRESCENTE,ALEATORIA,BINARIA,354023800,125132183
65,EXCLUSAO,CRESCENTE,ALEATORIA,BINARIA,359204200,125133180
66,EXCLUSAO,CRESCENTE,ALEATORIA,BINARIA,375408900,125134177
67,EXCLUSAO,CRESCENTE,ALEATORIA,BINARIA,355841000,125135174
68,EXCLUSAO,CRESCENTE,ALEATORIA,BINARIA,363131300,125136171
69,EXCLUSAO,CRESCENTE,ALEATORIA,BINARIA,350127700,125137168
70,EXCLUSAO,CRESCENTE,ALEATORIA,BINARIA,358331600,125138165
71,EXCLUSAO,CRESCENTE,ALEATORIA,BINARIA,355809800,125139162
72,EXCLUSAO,CRESCENTE,ALEATORIA,BINARIA,365917400,125140159
73,EXCLUSAO,CRESCENTE,ALEATORIA,BINARIA,353052200,125141156
74,EXCLUSAO,CRESCENTE,ALEATORIA,BINARIA,352526400,125142153
75,EXCLUSAO,CRESCENTE,ALEATORIA,BINARIA,350076800,125143150
76,EXCLUSAO,CRESCENTE,ALEATORIA,BINARIA,361199200,125144147
77,EXCLUSAO,CRESCENTE,ALEATORIA,BINARIA,359553000,125145144
78,EXCLUSAO,CRESCENTE,ALEATORIA,BINARIA,349576900,125146141
79,EXCLUSAO,CRESCENTE,ALEATORIA,BINARIA,358979600,125147138
80,EXCLUSAO,CRESCENTE,ALEATORIA,BINARIA,349518500,125148135
81,EXCLUSAO,CRESCENTE,ALEATORIA,BINARIA,344432600,125149132
82,EXCLUSAO,CRESCENTE,ALEATORIA,BINARIA,361408900,125150129
83,EXCLUSAO,CRESCENTE,ALEATORIA,BINARIA,346765800,125151126
84,EXCLUSAO,CRESCENTE,ALEATORIA,BINARIA,347406300,125152123
85,EXCLUSAO,CRESCENTE,ALEATORIA,BINARIA,356081600,125153120
86,EXCLUSAO,CRESCENTE,ALEATORIA,BINARIA,350627700,125154117
87,EXCLUSAO,CRESCENTE,ALEATORIA,BINARIA,341768800,125155114
88,EXCLUSAO,CRESCENTE,ALEATORIA,BINARIA,354550000,125156111
89,EXCLUSAO,CRESCENTE,ALEATORIA,BINARIA,345467500,125157108
90,EXCLUSAO,CRESCENTE,ALEATORIA,BINARIA,345903400,125158105
91,EXCLUSAO,CRESCENTE,ALEATORIA,BINARIA,351999900,125159102
92,EXCLUSAO,CRESCENTE,ALEATORIA,BINARIA,345266800,125160099
93,EXCLUSAO,CRESCENTE,ALEATORIA,BINARIA,347805700,125161096
94,EXCLUSAO,CRESCENTE,ALEATORIA,BINARIA,351191000,125162093
95,EXCLUSAO,CRESCENTE,ALEATORIA,BINARIA,349172300,125163090
96,EXCLUSAO,CRESCENTE,ALEATORIA,BINARIA,355336400,125164087
97,EXCLUSAO,CRESCENTE,ALEATORIA,BINARIA,348933300,125165084
98,EXCLUSAO,CRESCENTE,ALEATORIA,BINARIA,345599200,125166081
99,EXCLUSAO,CRESCENTE,ALEATORIA,BINARIA,351214300,125167078
100,EXCLUSAO,CRESCENTE,ALEATORIA,BINARIA,347300400,125168075
1,EXCLUSAO,DECRESCENTE,CRESCENTE,LINEAR,378174200,-826697846
2,EXCLUSAO,DECRESCENTE,CRESCENTE,LINEAR,374096800,-826696849
3,EXCLUSAO,DECRESCENTE,CRESCENTE,LINEAR,366941500,-826695852
4,EXCLUSAO,DECRESCENTE,CRESCENTE,LINEAR,369748400,-826694855
5,EXCLUSAO,DECRESCENTE,CRESCENTE,LINEAR,372900900,-826693858
6,EXCLUSAO,DECRESCENTE,CRESCENTE,LINEAR,365203300,-826692861
7,EXCLUSAO,DECRESCENTE,CRESCENTE,LINEAR,372947200,-826691864
8,EXCLUSAO,DECRESCENTE,CRESCENTE,LINEAR,370935500,-826690867
9,EXCLUSAO,DECRESCENTE,CRESCENTE,LINEAR,375450600,-826689870
10,EXCLUSAO,DECRESCENTE,CRESCENTE,LINEAR,377128800,-826688873
11,EXCLUSAO,DECRESCENTE,CRESCENTE,LINEAR,367275700,-826687876
12,EXCLUSAO,DECRESCENTE,CRESCENTE,LINEAR,367808100,-826686879
13,EXCLUSAO,DECRESCENTE,CRESCENTE,LINEAR,374623300,-826685882
14,EXCLUSAO,DECRESCENTE,CRESCENTE,LINEAR,364603900,-826684885
15,EXCLUSAO,DECRESCENTE,CRESCENTE,LINEAR,368838300,-826683888
16,EXCLUSAO,DECRESCENTE,CRESCENTE,LINEAR,367333600,-826682891
17,EXCLUSAO,DECRESCENTE,CRESCENTE,LINEAR,377252800,-826681894
18,EXCLUSAO,DECRESCENTE,CRESCENTE,LINEAR,379388700,-826680897
19,EXCLUSAO,DECRESCENTE,CRESCENTE,LINEAR,368984100,-826679900
20,EXCLUSAO,DECRESCENTE,CRESCENTE,LINEAR,367725800,-826678903
21,EXCLUSAO,DECRESCENTE,CRESCENTE,LINEAR,372512900,-826677906
22,EXCLUSAO,DECRESCENTE,CRESCENTE,LINEAR,364731800,-826676909
23,EXCLUSAO,DECRESCENTE,CRESCENTE,LINEAR,366289700,-826675912
24,EXCLUSAO,DECRESCENTE,CRESCENTE,LINEAR,371847900,-826674915
25,EXCLUSAO,DECRESCENTE,CRESCENTE,LINEAR,377102300,-826673918
26,EXCLUSAO,DECRESCENTE,CRESCENTE,LINEAR,373462900,-826672921
27,EXCLUSAO,DECRESCENTE,CRESCENTE,LINEAR,366525700,-826671924
28,EXCLUSAO,DECRESCENTE,CRESCENTE,LINEAR,368480200,-826670927
29,EXCLUSAO,DECRESCENTE,CRESCENTE,LINEAR,374457600,-826669930
30,EXCLUSAO,DECRESCENTE,CRESCENTE,LINEAR,366317600,-826668933
31,EXCLUSAO,DECRESCENTE,CRESCENTE,LINEAR,370116100,-826667936
32,EXCLUSAO,DECRESCENTE,CRESCENTE,LINEAR,371187600,-826666939
33,EXCLUSAO,DECRESCENTE,CRESCENTE,LINEAR,364625500,-826665942
34,EXCLUSAO,DECRESCENTE,CRESCENTE,LINEAR,374024900,-826664945
35,EXCLUSAO,DECRESCENTE,CRESCENTE,LINEAR,374036100,-826663948
36,EXCLUSAO,DECRESCENTE,CRESCENTE,LINEAR,370135000,-826662951
37,EXCLUSAO,DECRESCENTE,CRESCENTE,LINEAR,395129100,-826661954
38,EXCLUSAO,DECRESCENTE,CRESCENTE,LINEAR,367384900,-826660957
39,EXCLUSAO,DECRESCENTE,CRESCENTE,LINEAR,364107900,-826659960
40,EXCLUSAO,DECRESCENTE,CRESCENTE,LINEAR,370540100,-826658963
41,EXCLUSAO,DECRESCENTE,CRESCENTE,LINEAR,363943000,-826657966
42,EXCLUSAO,DECRESCENTE,CRESCENTE,LINEAR,368497800,-826656969
43,EXCLUSAO,DECRESCENTE,CRESCENTE,LINEAR,369286300,-826655972
44,EXCLUSAO,DECRESCENTE,CRESCENTE,LINEAR,364302700,-826654975
45,EXCLUSAO,DECRESCENTE,CRESCENTE,LINEAR,377992300,-826653978
46,EXCLUSAO,DECRESCENTE,CRESCENTE,LINEAR,374110700,-826652981
47,EXCLUSAO,DECRESCENTE,CRESCENTE,LINEAR,366165900,-826651984
48,EXCLUSAO,DECRESCENTE,CRESCENTE,LINEAR,375023400,-826650987
49,EXCLUSAO,DECRESCENTE,CRESCENTE,LINEAR,370771000,-826649990
50,EXCLUSAO,DECRESCENTE,CRESCENTE,LINEAR,388100400,-826648993
51,EXCLUSAO,DECRESCENTE,CRESCENTE,LINEAR,372122600,-826647996
52,EXCLUSAO,DECRESCENTE,CRESCENTE,LINEAR,368459900,-826646999
53,EXCLUSAO,DECRESCENTE,CRESCENTE,LINEAR,375520200,-826646002
54,EXCLUSAO,DECRESCENTE,CRESCENTE,LINEAR,368282100,-826645005
55,EXCLUSAO,DECRESCENTE,CRESCENTE,LINEAR,365561100,-826644008
56,EXCLUSAO,DECRESCENTE,CRESCENTE,LINEAR,375489500,-826643011
57,EXCLUSAO,DECRESCENTE,CRESCENTE,LINEAR,367480500,-826642014
58,EXCLUSAO,DECRESCENTE,CRESCENTE,LINEAR,372682200,-826641017
59,EXCLUSAO,DECRESCENTE,CRESCENTE,LINEAR,374586600,-826640020
60,EXCLUSAO,DECRESCENTE,CRESCENTE,LINEAR,369270600,-826639023
61,EXCLUSAO,DECRESCENTE,CRESCENTE,LINEAR,374665700,-826638026
62,EXCLUSAO,DECRESCENTE,CRESCENTE,LINEAR,366596100,-826637029
63,EXCLUSAO,DECRESCENTE,CRESCENTE,LINEAR,365046500,-826636032
64,EXCLUSAO,DECRESCENTE,CRESCENTE,LINEAR,370875400,-826635035
65,EXCLUSAO,DECRESCENTE,CRESCENTE,LINEAR,370440800,-826634038
66,EXCLUSAO,DECRESCENTE,CRESCENTE,LINEAR,379978200,-826633041
67,EXCLUSAO,DECRESCENTE,CRESCENTE,LINEAR,366357700,-826632044
68,EXCLUSAO,DECRESCENTE,CRESCENTE,LINEAR,370465600,-826631047
69,EXCLUSAO,DECRESCENTE,CRESCENTE,LINEAR,406886500,-826630050
70,EXCLUSAO,DECRESCENTE,CRESCENTE,LINEAR,368559700,-826629053
71,EXCLUSAO,DECRESCENTE,CRESCENTE,LINEAR,369304600,-826628056
72,EXCLUSAO,DECRESCENTE,CRESCENTE,LINEAR,374191100,-826627059
73,EXCLUSAO,DECRESCENTE,CRESCENTE,LINEAR,365994300,-826626062
74,EXCLUSAO,DECRESCENTE,CRESCENTE,LINEAR,368767700,-826625065
75,EXCLUSAO,DECRESCENTE,CRESCENTE,LINEAR,379418400,-826624068
76,EXCLUSAO,DECRESCENTE,CRESCENTE,LINEAR,381583500,-826623071
77,EXCLUSAO,DECRESCENTE,CRESCENTE,LINEAR,374959200,-826622074
78,EXCLUSAO,DECRESCENTE,CRESCENTE,LINEAR,371739900,-826621077
79,EXCLUSAO,DECRESCENTE,CRESCENTE,LINEAR,370763800,-826620080
80,EXCLUSAO,DECRESCENTE,CRESCENTE,LINEAR,373426700,-826619083
81,EXCLUSAO,DECRESCENTE,CRESCENTE,LINEAR,367388600,-826618086
82,EXCLUSAO,DECRESCENTE,CRESCENTE,LINEAR,365952700,-826617089
83,EXCLUSAO,DECRESCENTE,CRESCENTE,LINEAR,372631600,-826616092
84,EXCLUSAO,DECRESCENTE,CRESCENTE,LINEAR,363378400,-826615095
85,EXCLUSAO,DECRESCENTE,CRESCENTE,LINEAR,377658500,-826614098
86,EXCLUSAO,DECRESCENTE,CRESCENTE,LINEAR,367794700,-826613101
87,EXCLUSAO,DECRESCENTE,CRESCENTE,LINEAR,370559200,-826612104
88,EXCLUSAO,DECRESCENTE,CRESCENTE,LINEAR,372304000,-826611107
89,EXCLUSAO,DECRESCENTE,CRESCENTE,LINEAR,366630100,-826610110
90,EXCLUSAO,DECRESCENTE,CRESCENTE,LINEAR,374017600,-826609113
91,EXCLUSAO,DECRESCENTE,CRESCENTE,LINEAR,377437200,-826608116
92,EXCLUSAO,DECRESCENTE,CRESCENTE,LINEAR,371720300,-826607119
93,EXCLUSAO,DECRESCENTE,CRESCENTE,LINEAR,371010400,-826606122
94,EXCLUSAO,DECRESCENTE,CRESCENTE,LINEAR,376804400,-826605125
95,EXCLUSAO,DECRESCENTE,CRESCENTE,LINEAR,366376700,-826604128
96,EXCLUSAO,DECRESCENTE,CRESCENTE,LINEAR,375436400,-826603131
97,EXCLUSAO,DECRESCENTE,CRESCENTE,LINEAR,370805200,-826602134
98,EXCLUSAO,DECRESCENTE,CRESCENTE,LINEAR,393669800,-826601137
99,EXCLUSAO,DECRESCENTE,CRESCENTE,LINEAR,379295300,-826600140
100,EXCLUSAO,DECRESCENTE,CRESCENTE,LINEAR,363887300,-826599143
1,EXCLUSAO,DECRESCENTE,CRESCENTE,BINARIA,392807700,-750844189
2,EXCLUSAO,DECRESCENTE,CRESCENTE,BINARIA,382943500,-750843192
3,EXCLUSAO,DECRESCENTE,CRESCENTE,BINARIA,379991600,-750842195
4,EXCLUSAO,DECRESCENTE,CRESCENTE,BINARIA,376780700,-750841198
5,EXCLUSAO,DECRESCENTE,CRESCENTE,BINARIA,379783400,-750840201
6,EXCLUSAO,DECRESCENTE,CRESCENTE,BINARIA,393620300,-750839204
7,EXCLUSAO,DECRESCENTE,CRESCENTE,BINARIA,376460500,-750838207
8,EXCLUSAO,DECRESCENTE,CRESCENTE,BINARIA,379186200,-750837210
9,EXCLUSAO,DECRESCENTE,CRESCENTE,BINARIA,384575700,-750836213
10,EXCLUSAO,DECRESCENTE,CRESCENTE,BINARIA,377418000,-750835216
11,EXCLUSAO,DECRESCENTE,CRESCENTE,BINARIA,371634200,-750834219
12,EXCLUSAO,DECRESCENTE,CRESCENTE,BINARIA,375175400,-750833222
13,EXCLUSAO,DECRESCENTE,CRESCENTE,BINARIA,374024400,-750832225
14,EXCLUSAO,DECRESCENTE,CRESCENTE,BINARIA,372932600,-750831228
15,EXCLUSAO,DECRESCENTE,CRESCENTE,BINARIA,388026800,-750830231
16,EXCLUSAO,DECRESCENTE,CRESCENTE,BINARIA,385477400,-750829234
17,EXCLUSAO,DECRESCENTE,CRESCENTE,BINARIA,389273800,-750828237
18,EXCLUSAO,DECRESCENTE,CRESCENTE,BINARIA,374694100,-750827240
19,EXCLUSAO,DECRESCENTE,CRESCENTE,BINARIA,378908700,-750826243
20,EXCLUSAO,DECRESCENTE,CRESCENTE,BINARIA,379596900,-750825246
21,EXCLUSAO,DECRESCENTE,CRESCENTE,BINARIA,375875200,-750824249
22,EXCLUSAO,DECRESCENTE,CRESCENTE,BINARIA,386382700,-750823252
23,EXCLUSAO,DECRESCENTE,CRESCENTE,BINARIA,372421200,-750822255
24,EXCLUSAO,DECRESCENTE,CRESCENTE,BINARIA,378876400,-750821258
25,EXCLUSAO,DECRESCENTE,CRESCENTE,BINARIA,379958400,-750820261
26,EXCLUSAO,DECRESCENTE,CRESCENTE,BINARIA,375434200,-750819264
27,EXCLUSAO,DECRESCENTE,CRESCENTE,BINARIA,379819300,-750818267
28,EXCLUSAO,DECRESCENTE,CRESCENTE,BINARIA,376638800,-750817270
29,EXCLUSAO,DECRESCENTE,CRESCENTE,BINARIA,382035900,-750816273
30,EXCLUSAO,DECRESCENTE,CRESCENTE,BINARIA,375541700,-750815276
31,EXCLUSAO,DECRESCENTE,CRESCENTE,BINARIA,369754200,-750814279
32,EXCLUSAO,DECRESCENTE,CRESCENTE,BINARIA,379571100,-750813282
33,EXCLUSAO,DECRESCENTE,CRESCENTE,BINARIA,379123500,-750812285
34,EXCLUSAO,DECRESCENTE,CRESCENTE,BINARIA,377073900,-750811288
35,EXCLUSAO,DECRESCENTE,CRESCENTE,BINARIA,374960600,-750810291
36,EXCLUSAO,DECRESCENTE,CRESCENTE,BINARIA,395233600,-750809294
37,EXCLUSAO,DECRESCENTE,CRESCENTE,BINARIA,377960900,-750808297
38,EXCLUSAO,DECRESCENTE,CRESCENTE,BINARIA,393906500,-750807300
39,EXCLUSAO,DECRESCENTE,CRESCENTE,BINARIA,383124600,-750806303
40,EXCLUSAO,DECRESCENTE,CRESCENTE,BINARIA,380653900,-750805306
41,EXCLUSAO,DECRESCENTE,CRESCENTE,BINARIA,391776000,-750804309
42,EXCLUSAO,DECRESCENTE,CRESCENTE,BINARIA,394613300,-750803312
43,EXCLUSAO,DECRESCENTE,CRESCENTE,BINARIA,396953500,-750802315
44,EXCLUSAO,DECRESCENTE,CRESCENTE,BINARIA,384496800,-750801318
45,EXCLUSAO,DECRESCENTE,CRESCENTE,BINARIA,388623400,-750800321
46,EXCLUSAO,DECRESCENTE,CRESCENTE,BINARIA,393215000,-750799324
47,EXCLUSAO,DECRESCENTE,CRESCENTE,BINARIA,392358500,-750798327
48,EXCLUSAO,DECRESCENTE,CRESCENTE,BINARIA,383360100,-750797330
49,EXCLUSAO,DECRESCENTE,CRESCENTE,BINARIA,379290400,-750796333
50,EXCLUSAO,DECRESCENTE,CRESCENTE,BINARIA,374933900,-750795336
51,EXCLUSAO,DECRESCENTE,CRESCENTE,BINARIA,377702100,-750794339
52,EXCLUSAO,DECRESCENTE,CRESCENTE,BINARIA,376596400,-750793342
53,EXCLUSAO,DECRESCENTE,CRESCENTE,BINARIA,371631400,-750792345
54,EXCLUSAO,DECRESCENTE,CRESCENTE,BINARIA,382864000,-750791348
55,EXCLUSAO,DECRESCENTE,CRESCENTE,BINARIA,374643100,-750790351
56,EXCLUSAO,DECRESCENTE,CRESCENTE,BINARIA,377759000,-750789354
57,EXCLUSAO,DECRESCENTE,CRESCENTE,BINARIA,371382000,-750788357
58,EXCLUSAO,DECRESCENTE,CRESCENTE,BINARIA,372315600,-750787360
59,EXCLUSAO,DECRESCENTE,CRESCENTE,BINARIA,378930400,-750786363
60,EXCLUSAO,DECRESCENTE,CRESCENTE,BINARIA,367152200,-750785366
61,EXCLUSAO,DECRESCENTE,CRESCENTE,BINARIA,377128100,-750784369
62,EXCLUSAO,DECRESCENTE,CRESCENTE,BINARIA,383281900,-750783372
63,EXCLUSAO,DECRESCENTE,CRESCENTE,BINARIA,366141300,-750782375
64,EXCLUSAO,DECRESCENTE,CRESCENTE,BINARIA,382435500,-750781378
65,EXCLUSAO,DECRESCENTE,CRESCENTE,BINARIA,378441200,-750780381
66,EXCLUSAO,DECRESCENTE,CRESCENTE,BINARIA,376684600,-750779384
67,EXCLUSAO,DECRESCENTE,CRESCENTE,BINARIA,375351700,-750778387
68,EXCLUSAO,DECRESCENTE,CRESCENTE,BINARIA,375189500,-750777390
69,EXCLUSAO,DECRESCENTE,CRESCENTE,BINARIA,372492800,-750776393
70,EXCLUSAO,DECRESCENTE,CRESCENTE,BINARIA,388640400,-750775396
71,EXCLUSAO,DECRESCENTE,CRESCENTE,BINARIA,377137100,-750774399
72,EXCLUSAO,DECRESCENTE,CRESCENTE,BINARIA,382170700,-750773402
73,EXCLUSAO,DECRESCENTE,CRESCENTE,BINARIA,366905200,-750772405
74,EXCLUSAO,DECRESCENTE,CRESCENTE,BINARIA,373342300,-750771408
75,EXCLUSAO,DECRESCENTE,CRESCENTE,BINARIA,375432100,-750770411
76,EXCLUSAO,DECRESCENTE,CRESCENTE,BINARIA,377723000,-750769414
77,EXCLUSAO,DECRESCENTE,CRESCENTE,BINARIA,378265900,-750768417
78,EXCLUSAO,DECRESCENTE,CRESCENTE,BINARIA,376158500,-750767420
79,EXCLUSAO,DECRESCENTE,CRESCENTE,BINARIA,374420600,-750766423
80,EXCLUSAO,DECRESCENTE,CRESCENTE,BINARIA,379189600,-750765426
81,EXCLUSAO,DECRESCENTE,CRESCENTE,BINARIA,371139700,-750764429
82,EXCLUSAO,DECRESCENTE,CRESCENTE,BINARIA,374859800,-750763432
83,EXCLUSAO,DECRESCENTE,CRESCENTE,BINARIA,380979800,-750762435
84,EXCLUSAO,DECRESCENTE,CRESCENTE,BINARIA,370894000,-750761438
85,EXCLUSAO,DECRESCENTE,CRESCENTE,BINARIA,389876800,-750760441
86,EXCLUSAO,DECRESCENTE,CRESCENTE,BINARIA,381620000,-750759444
87,EXCLUSAO,DECRESCENTE,CRESCENTE,BINARIA,374097300,-750758447
88,EXCLUSAO,DECRESCENTE,CRESCENTE,BINARIA,385149400,-750757450
89,EXCLUSAO,DECRESCENTE,CRESCENTE,BINARIA,383083000,-750756453
90,EXCLUSAO,DECRESCENTE,CRESCENTE,BINARIA,372647800,-750755456
91,EXCLUSAO,DECRESCENTE,CRESCENTE,BINARIA,379126500,-750754459
92,EXCLUSAO,DECRESCENTE,CRESCENTE,BINARIA,371034900,-750753462
93,EXCLUSAO,DECRESCENTE,CRESCENTE,BINARIA,380801800,-750752465
94,EXCLUSAO,DECRESCENTE,CRESCENTE,BINARIA,376407400,-750751468
95,EXCLUSAO,DECRESCENTE,CRESCENTE,BINARIA,378935000,-750750471
96,EXCLUSAO,DECRESCENTE,CRESCENTE,BINARIA,383586800,-750749474
97,EXCLUSAO,DECRESCENTE,CRESCENTE,BINARIA,374174200,-750748477
98,EXCLUSAO,DECRESCENTE,CRESCENTE,BINARIA,370437300,-750747480
99,EXCLUSAO,DECRESCENTE,CRESCENTE,BINARIA,375173800,-750746483
100,EXCLUSAO,DECRESCENTE,CRESCENTE,BINARIA,375151700,-750745486
1,EXCLUSAO,DECRESCENTE,DECRESCENTE,LINEAR,15049883600,366023401
2,EXCLUSAO,DECRESCENTE,DECRESCENTE,LINEAR,14998880800,366024398
3,EXCLUSAO,DECRESCENTE,DECRESCENTE,LINEAR,15134053900,366025395
4,EXCLUSAO,DECRESCENTE,DECRESCENTE,LINEAR,15050151700,366026392
5,EXCLUSAO,DECRESCENTE,DECRESCENTE,LINEAR,14973845900,366027389
6,EXCLUSAO,DECRESCENTE,DECRESCENTE,LINEAR,15038675800,366028386
7,EXCLUSAO,DECRESCENTE,DECRESCENTE,LINEAR,15001823300,366029383
8,EXCLUSAO,DECRESCENTE,DECRESCENTE,LINEAR,15148705900,366030380
9,EXCLUSAO,DECRESCENTE,DECRESCENTE,LINEAR,15076362800,366031377
10,EXCLUSAO,DECRESCENTE,DECRESCENTE,LINEAR,15093035900,366032374
11,EXCLUSAO,DECRESCENTE,DECRESCENTE,LINEAR,14991969600,366033371
12,EXCLUSAO,DECRESCENTE,DECRESCENTE,LINEAR,15256880500,366034368
13,EXCLUSAO,DECRESCENTE,DECRESCENTE,LINEAR,15098933800,366035365
14,EXCLUSAO,DECRESCENTE,DECRESCENTE,LINEAR,15094427500,366036362
15,EXCLUSAO,DECRESCENTE,DECRESCENTE,LINEAR,15041420500,366037359
16,EXCLUSAO,DECRESCENTE,DECRESCENTE,LINEAR,15386875700,366038356
17,EXCLUSAO,DECRESCENTE,DECRESCENTE,LINEAR,15757406800,366039353
18,EXCLUSAO,DECRESCENTE,DECRESCENTE,LINEAR,15415578800,366040350
19,EXCLUSAO,DECRESCENTE,DECRESCENTE,LINEAR,15263025200,366041347
20,EXCLUSAO,DECRESCENTE,DECRESCENTE,LINEAR,15351779200,366042344
21,EXCLUSAO,DECRESCENTE,DECRESCENTE,LINEAR,15439056100,366043341
22,EXCLUSAO,DECRESCENTE,DECRESCENTE,LINEAR,15132826100,366044338
23,EXCLUSAO,DECRESCENTE,DECRESCENTE,LINEAR,15124807000,366045335
24,EXCLUSAO,DECRESCENTE,DECRESCENTE,LINEAR,15104673900,366046332
25,EXCLUSAO,DECRESCENTE,DECRESCENTE,LINEAR,15171646500,366047329
26,EXCLUSAO,DECRESCENTE,DECRESCENTE,LINEAR,15134262700,366048326
27,EXCLUSAO,DECRESCENTE,DECRESCENTE,LINEAR,15090103300,366049323
28,EXCLUSAO,DECRESCENTE,DECRESCENTE,LINEAR,15556946400,366050320
29,EXCLUSAO,DECRESCENTE,DECRESCENTE,LINEAR,15232522700,366051317
30,EXCLUSAO,DECRESCENTE,DECRESCENTE,LINEAR,15206012600,366052314
31,EXCLUSAO,DECRESCENTE,DECRESCENTE,LINEAR,15093064400,366053311
32,EXCLUSAO,DECRESCENTE,DECRESCENTE,LINEAR,15152608400,366054308
33,EXCLUSAO,DECRESCENTE,DECRESCENTE,LINEAR,15122129300,366055305
34,EXCLUSAO,DECRESCENTE,DECRESCENTE,LINEAR,15282977700,366056302
35,EXCLUSAO,DECRESCENTE,DECRESCENTE,LINEAR,15099276600,366057299
36,EXCLUSAO,DECRESCENTE,DECRESCENTE,LINEAR,15137373600,366058296
37,EXCLUSAO,DECRESCENTE,DECRESCENTE,LINEAR,15163161700,366059293
38,EXCLUSAO,DECRESCENTE,DECRESCENTE,LINEAR,15225999800,366060290
39,EXCLUSAO,DECRESCENTE,DECRESCENTE,LINEAR,15179205000,366061287
40,EXCLUSAO,DECRESCENTE,DECRESCENTE,LINEAR,15092714200,366062284
41,EXCLUSAO,DECRESCENTE,DECRESCENTE,LINEAR,15194187600,366063281
42,EXCLUSAO,DECRESCENTE,DECRESCENTE,LINEAR,15257912800,366064278
43,EXCLUSAO,DECRESCENTE,DECRESCENTE,LINEAR,15360243000,366065275
44,EXCLUSAO,DECRESCENTE,DECRESCENTE,LINEAR,15031128700,366066272
45,EXCLUSAO,DECRESCENTE,DECRESCENTE,LINEAR,15015026900,366067269
46,EXCLUSAO,DECRESCENTE,DECRESCENTE,LINEAR,14995508200,366068266
47,EXCLUSAO,DECRESCENTE,DECRESCENTE,LINEAR,15134851100,366069263
48,EXCLUSAO,DECRESCENTE,DECRESCENTE,LINEAR,15038789800,366070260
49,EXCLUSAO,DECRESCENTE,DECRESCENTE,LINEAR,15555825900,366071257
50,EXCLUSAO,DECRESCENTE,DECRESCENTE,LINEAR,19141664000,366072254
51,EXCLUSAO,DECRESCENTE,DECRESCENTE,LINEAR,19842478800,366073251
52,EXCLUSAO,DECRESCENTE,DECRESCENTE,LINEAR,15832943000,366074248
53,EXCLUSAO,DECRESCENTE,DECRESCENTE,LINEAR,15763630600,366075245
54,EXCLUSAO,DECRESCENTE,DECRESCENTE,LINEAR,15031533700,366076242
55,EXCLUSAO,DECRESCENTE,DECRESCENTE,LINEAR,15387078600,366077239
56,EXCLUSAO,DECRESCENTE,DECRESCENTE,LINEAR,15178468200,366078236
57,EXCLUSAO,DECRESCENTE,DECRESCENTE,LINEAR,14803408800,366079233
58,EXCLUSAO,DECRESCENTE,DECRESCENTE,LINEAR,14863346000,366080230
59,EXCLUSAO,DECRESCENTE,DECRESCENTE,LINEAR,17102143100,366081227
60,EXCLUSAO,DECRESCENTE,DECRESCENTE,LINEAR,15874755000,366082224
61,EXCLUSAO,DECRESCENTE,DECRESCENTE,LINEAR,15798988500,366083221
62,EXCLUSAO,DECRESCENTE,DECRESCENTE,LINEAR,15784519000,366084218
63,EXCLUSAO,DECRESCENTE,DECRESCENTE,LINEAR,15630388600,366085215
64,EXCLUSAO,DECRESCENTE,DECRESCENTE,LINEAR,15395848800,366086212
65,EXCLUSAO,DECRESCENTE,DECRESCENTE,LINEAR,15675093000,366087209
66,EXCLUSAO,DECRESCENTE,DECRESCENTE,LINEAR,15874315400,366088206
67,EXCLUSAO,DECRESCENTE,DECRESCENTE,LINEAR,15611990000,366089203
68,EXCLUSAO,DECRESCENTE,DECRESCENTE,LINEAR,15814445400,366090200
69,EXCLUSAO,DECRESCENTE,DECRESCENTE,LINEAR,15696331400,366091197
70,EXCLUSAO,DECRESCENTE,DECRESCENTE,LINEAR,15685786000,366092194
71,EXCLUSAO,DECRESCENTE,DECRESCENTE,LINEAR,15670683200,366093191
72,EXCLUSAO,DECRESCENTE,DECRESCENTE,LINEAR,16055512900,366094188
73,EXCLUSAO,DECRESCENTE,DECRESCENTE,LINEAR,15577812500,366095185
74,EXCLUSAO,DECRESCENTE,DECRESCENTE,LINEAR,15678980400,366096182
75,EXCLUSAO,DECRESCENTE,DECRESCENTE,LINEAR,15789093900,366097179
76,EXCLUSAO,DECRESCENTE,DECRESCENTE,LINEAR,15651307400,366098176
77,EXCLUSAO,DECRESCENTE,DECRESCENTE,LINEAR,15574656600,366099173
78,EXCLUSAO,DECRESCENTE,DECRESCENTE,LINEAR,15588330400,366100170
79,EXCLUSAO,DECRESCENTE,DECRESCENTE,LINEAR,15561161600,366101167
80,EXCLUSAO,DECRESCENTE,DECRESCENTE,LINEAR,15707047100,366102164
81,EXCLUSAO,DECRESCENTE,DECRESCENTE,LINEAR,15575750500,366103161
82,EXCLUSAO,DECRESCENTE,DECRESCENTE,LINEAR,15543500100,366104158
83,EXCLUSAO,DECRESCENTE,DECRESCENTE,LINEAR,15615731200,366105155
84,EXCLUSAO,DECRESCENTE,DECRESCENTE,LINEAR,15604771000,366106152
85,EXCLUSAO,DECRESCENTE,DECRESCENTE,LINEAR,15538906800,366107149
86,EXCLUSAO,DECRESCENTE,DECRESCENTE,LINEAR,15438780900,366108146
87,EXCLUSAO,DECRESCENTE,DECRESCENTE,LINEAR,15887761200,366109143
88,EXCLUSAO,DECRESCENTE,DECRESCENTE,LINEAR,15681389600,366110140
89,EXCLUSAO,DECRESCENTE,DECRESCENTE,LINEAR,15688847700,366111137
90,EXCLUSAO,DECRESCENTE,DECRESCENTE,LINEAR,15709463700,366112134
91,EXCLUSAO,DECRESCENTE,DECRESCENTE,LINEAR,15740904600,366113131
92,EXCLUSAO,DECRESCENTE,DECRESCENTE,LINEAR,15779446200,366114128
93,EXCLUSAO,DECRESCENTE,DECRESCENTE,LINEAR,15722497700,366115125
94,EXCLUSAO,DECRESCENTE,DECRESCENTE,LINEAR,15598413300,366116122
95,EXCLUSAO,DECRESCENTE,DECRESCENTE,LINEAR,15571844400,366117119
96,EXCLUSAO,DECRESCENTE,DECRESCENTE,LINEAR,15655071500,366118116
97,EXCLUSAO,DECRESCENTE,DECRESCENTE,LINEAR,15689643600,366119113
98,EXCLUSAO,DECRESCENTE,DECRESCENTE,LINEAR,15618554400,366120110
99,EXCLUSAO,DECRESCENTE,DECRESCENTE,LINEAR,15519292000,366121107
100,EXCLUSAO,DECRESCENTE,DECRESCENTE,LINEAR,15511509700,366122104
1,EXCLUSAO,DECRESCENTE,DECRESCENTE,BINARIA,344285500,1863776100
2,EXCLUSAO,DECRESCENTE,DECRESCENTE,BINARIA,335885400,1863777097
3,EXCLUSAO,DECRESCENTE,DECRESCENTE,BINARIA,339847700,1863778094
4,EXCLUSAO,DECRESCENTE,DECRESCENTE,BINARIA,339891600,1863779091
5,EXCLUSAO,DECRESCENTE,DECRESCENTE,BINARIA,334485500,1863780088
6,EXCLUSAO,DECRESCENTE,DECRESCENTE,BINARIA,339065300,1863781085
7,EXCLUSAO,DECRESCENTE,DECRESCENTE,BINARIA,342171800,1863782082
8,EXCLUSAO,DECRESCENTE,DECRESCENTE,BINARIA,341587300,1863783079
9,EXCLUSAO,DECRESCENTE,DECRESCENTE,BINARIA,335452300,1863784076
10,EXCLUSAO,DECRESCENTE,DECRESCENTE,BINARIA,343266700,1863785073
11,EXCLUSAO,DECRESCENTE,DECRESCENTE,BINARIA,337977600,1863786070
12,EXCLUSAO,DECRESCENTE,DECRESCENTE,BINARIA,348681700,1863787067
13,EXCLUSAO,DECRESCENTE,DECRESCENTE,BINARIA,345439500,1863788064
14,EXCLUSAO,DECRESCENTE,DECRESCENTE,BINARIA,342193400,1863789061
15,EXCLUSAO,DECRESCENTE,DECRESCENTE,BINARIA,355755300,1863790058
16,EXCLUSAO,DECRESCENTE,DECRESCENTE,BINARIA,353810000,1863791055
17,EXCLUSAO,DECRESCENTE,DECRESCENTE,BINARIA,340997300,1863792052
18,EXCLUSAO,DECRESCENTE,DECRESCENTE,BINARIA,349021300,1863793049
19,EXCLUSAO,DECRESCENTE,DECRESCENTE,BINARIA,341723300,1863794046
20,EXCLUSAO,DECRESCENTE,DECRESCENTE,BINARIA,341582600,1863795043
21,EXCLUSAO,DECRESCENTE,DECRESCENTE,BINARIA,340154000,1863796040
22,EXCLUSAO,DECRESCENTE,DECRESCENTE,BINARIA,346076100,1863797037
23,EXCLUSAO,DECRESCENTE,DECRESCENTE,BINARIA,348536800,1863798034
24,EXCLUSAO,DECRESCENTE,DECRESCENTE,BINARIA,352735300,1863799031
25,EXCLUSAO,DECRESCENTE,DECRESCENTE,BINARIA,346597500,1863800028
26,EXCLUSAO,DECRESCENTE,DECRESCENTE,BINARIA,353961400,1863801025
27,EXCLUSAO,DECRESCENTE,DECRESCENTE,BINARIA,345753200,1863802022
28,EXCLUSAO,DECRESCENTE,DECRESCENTE,BINARIA,353941300,1863803019
29,EXCLUSAO,DECRESCENTE,DECRESCENTE,BINARIA,349929400,1863804016
30,EXCLUSAO,DECRESCENTE,DECRESCENTE,BINARIA,354324600,1863805013
31,EXCLUSAO,DECRESCENTE,DECRESCENTE,BINARIA,340529800,1863806010
32,EXCLUSAO,DECRESCENTE,DECRESCENTE,BINARIA,358457700,1863807007
33,EXCLUSAO,DECRESCENTE,DECRESCENTE,BINARIA,353946300,1863808004
34,EXCLUSAO,DECRESCENTE,DECRESCENTE,BINARIA,359011300,1863809001
35,EXCLUSAO,DECRESCENTE,DECRESCENTE,BINARIA,340925700,1863809998
36,EXCLUSAO,DECRESCENTE,DECRESCENTE,BINARIA,363171900,1863810995
37,EXCLUSAO,DECRESCENTE,DECRESCENTE,BINARIA,343928300,1863811992
38,EXCLUSAO,DECRESCENTE,DECRESCENTE,BINARIA,338092500,1863812989
39,EXCLUSAO,DECRESCENTE,DECRESCENTE,BINARIA,340726700,1863813986
40,EXCLUSAO,DECRESCENTE,DECRESCENTE,BINARIA,341215400,1863814983
41,EXCLUSAO,DECRESCENTE,DECRESCENTE,BINARIA,347172500,1863815980
42,EXCLUSAO,DECRESCENTE,DECRESCENTE,BINARIA,357510900,1863816977
43,EXCLUSAO,DECRESCENTE,DECRESCENTE,BINARIA,334438500,1863817974
44,EXCLUSAO,DECRESCENTE,DECRESCENTE,BINARIA,344465300,1863818971
45,EXCLUSAO,DECRESCENTE,DECRESCENTE,BINARIA,346401600,1863819968
46,EXCLUSAO,DECRESCENTE,DECRESCENTE,BINARIA,354295800,1863820965
47,EXCLUSAO,DECRESCENTE,DECRESCENTE,BINARIA,356831500,1863821962
48,EXCLUSAO,DECRESCENTE,DECRESCENTE,BINARIA,345118600,1863822959
49,EXCLUSAO,DECRESCENTE,DECRESCENTE,BINARIA,342158800,1863823956
50,EXCLUSAO,DECRESCENTE,DECRESCENTE,BINARIA,357808800,1863824953
51,EXCLUSAO,DECRESCENTE,DECRESCENTE,BINARIA,347453300,1863825950
52,EXCLUSAO,DECRESCENTE,DECRESCENTE,BINARIA,337871000,1863826947
53,EXCLUSAO,DECRESCENTE,DECRESCENTE,BINARIA,350611300,1863827944
54,EXCLUSAO,DECRESCENTE,DECRESCENTE,BINARIA,340070100,1863828941
55,EXCLUSAO,DECRESCENTE,DECRESCENTE,BINARIA,341290100,1863829938
56,EXCLUSAO,DECRESCENTE,DECRESCENTE,BINARIA,347308900,1863830935
57,EXCLUSAO,DECRESCENTE,DECRESCENTE,BINARIA,342091500,1863831932
58,EXCLUSAO,DECRESCENTE,DECRESCENTE,BINARIA,334127400,1863832929
59,EXCLUSAO,DECRESCENTE,DECRESCENTE,BINARIA,347493700,1863833926
60,EXCLUSAO,DECRESCENTE,DECRESCENTE,BINARIA,345262700,1863834923
61,EXCLUSAO,DECRESCENTE,DECRESCENTE,BINARIA,340156800,1863835920
62,EXCLUSAO,DECRESCENTE,DECRESCENTE,BINARIA,341666200,1863836917
63,EXCLUSAO,DECRESCENTE,DECRESCENTE,BINARIA,342147100,1863837914
64,EXCLUSAO,DECRESCENTE,DECRESCENTE,BINARIA,340128500,1863838911
65,EXCLUSAO,DECRESCENTE,DECRESCENTE,BINARIA,354893500,1863839908
66,EXCLUSAO,DECRESCENTE,DECRESCENTE,BINARIA,344834600,1863840905
67,EXCLUSAO,DECRESCENTE,DECRESCENTE,BINARIA,344148900,1863841902
68,EXCLUSAO,DECRESCENTE,DECRESCENTE,BINARIA,349806800,1863842899
69,EXCLUSAO,DECRESCENTE,DECRESCENTE,BINARIA,337304300,1863843896
70,EXCLUSAO,DECRESCENTE,DECRESCENTE,BINARIA,355092000,1863844893
71,EXCLUSAO,DECRESCENTE,DECRESCENTE,BINARIA,338925700,1863845890
72,EXCLUSAO,DECRESCENTE,DECRESCENTE,BINARIA,347578600,1863846887
73,EXCLUSAO,DECRESCENTE,DECRESCENTE,BINARIA,346027900,1863847884
74,EXCLUSAO,DECRESCENTE,DECRESCENTE,BINARIA,342481400,1863848881
75,EXCLUSAO,DECRESCENTE,DECRESCENTE,BINARIA,357463800,1863849878
76,EXCLUSAO,DECRESCENTE,DECRESCENTE,BINARIA,340595000,1863850875
77,EXCLUSAO,DECRESCENTE,DECRESCENTE,BINARIA,362366300,1863851872
78,EXCLUSAO,DECRESCENTE,DECRESCENTE,BINARIA,351434900,1863852869
79,EXCLUSAO,DECRESCENTE,DECRESCENTE,BINARIA,346921900,1863853866
80,EXCLUSAO,DECRESCENTE,DECRESCENTE,BINARIA,347604000,1863854863
81,EXCLUSAO,DECRESCENTE,DECRESCENTE,BINARIA,342803900,1863855860
82,EXCLUSAO,DECRESCENTE,DECRESCENTE,BINARIA,367471600,1863856857
83,EXCLUSAO,DECRESCENTE,DECRESCENTE,BINARIA,354673700,1863857854
84,EXCLUSAO,DECRESCENTE,DECRESCENTE,BINARIA,336579600,1863858851
85,EXCLUSAO,DECRESCENTE,DECRESCENTE,BINARIA,347633100,1863859848
86,EXCLUSAO,DECRESCENTE,DECRESCENTE,BINARIA,335831800,1863860845
87,EXCLUSAO,DECRESCENTE,DECRESCENTE,BINARIA,343755800,1863861842
88,EXCLUSAO,DECRESCENTE,DECRESCENTE,BINARIA,335725500,1863862839
89,EXCLUSAO,DECRESCENTE,DECRESCENTE,BINARIA,338690800,1863863836
90,EXCLUSAO,DECRESCENTE,DECRESCENTE,BINARIA,339125400,1863864833
91,EXCLUSAO,DECRESCENTE,DECRESCENTE,BINARIA,349257300,1863865830
92,EXCLUSAO,DECRESCENTE,DECRESCENTE,BINARIA,334993700,1863866827
93,EXCLUSAO,DECRESCENTE,DECRESCENTE,BINARIA,341608700,1863867824
94,EXCLUSAO,DECRESCENTE,DECRESCENTE,BINARIA,354600800,1863868821
95,EXCLUSAO,DECRESCENTE,DECRESCENTE,BINARIA,338332300,1863869818
96,EXCLUSAO,DECRESCENTE,DECRESCENTE,BINARIA,345354100,1863870815
97,EXCLUSAO,DECRESCENTE,DECRESCENTE,BINARIA,342622600,1863871812
98,EXCLUSAO,DECRESCENTE,DECRESCENTE,BINARIA,342879800,1863872809
99,EXCLUSAO,DECRESCENTE,DECRESCENTE,BINARIA,343284600,1863873806
100,EXCLUSAO,DECRESCENTE,DECRESCENTE,BINARIA,348379300,1863874803
1,EXCLUSAO,DECRESCENTE,ALEATORIA,LINEAR,7979891700,-1453354478
2,EXCLUSAO,DECRESCENTE,ALEATORIA,LINEAR,7967836600,-1453353481
3,EXCLUSAO,DECRESCENTE,ALEATORIA,LINEAR,8047146300,-1453352484
4,EXCLUSAO,DECRESCENTE,ALEATORIA,LINEAR,8027503500,-1453351487
5,EXCLUSAO,DECRESCENTE,ALEATORIA,LINEAR,7966896300,-1453350490
6,EXCLUSAO,DECRESCENTE,ALEATORIA,LINEAR,8031200300,-1453349493
7,EXCLUSAO,DECRESCENTE,ALEATORIA,LINEAR,7908631400,-1453348496
8,EXCLUSAO,DECRESCENTE,ALEATORIA,LINEAR,8002504900,-1453347499
9,EXCLUSAO,DECRESCENTE,ALEATORIA,LINEAR,8016215400,-1453346502
10,EXCLUSAO,DECRESCENTE,ALEATORIA,LINEAR,7974214700,-1453345505
11,EXCLUSAO,DECRESCENTE,ALEATORIA,LINEAR,7975080600,-1453344508
12,EXCLUSAO,DECRESCENTE,ALEATORIA,LINEAR,8008083800,-1453343511
13,EXCLUSAO,DECRESCENTE,ALEATORIA,LINEAR,8010936800,-1453342514
14,EXCLUSAO,DECRESCENTE,ALEATORIA,LINEAR,8046154900,-1453341517
15,EXCLUSAO,DECRESCENTE,ALEATORIA,LINEAR,8015001500,-1453340520
16,EXCLUSAO,DECRESCENTE,ALEATORIA,LINEAR,8091124700,-1453339523
17,EXCLUSAO,DECRESCENTE,ALEATORIA,LINEAR,8120393700,-1453338526
18,EXCLUSAO,DECRESCENTE,ALEATORIA,LINEAR,8006446300,-1453337529
19,EXCLUSAO,DECRESCENTE,ALEATORIA,LINEAR,8162709000,-1453336532
20,EXCLUSAO,DECRESCENTE,ALEATORIA,LINEAR,8134664700,-1453335535
21,EXCLUSAO,DECRESCENTE,ALEATORIA,LINEAR,7931535200,-1453334538
22,EXCLUSAO,DECRESCENTE,ALEATORIA,LINEAR,7975451300,-1453333541
23,EXCLUSAO,DECRESCENTE,ALEATORIA,LINEAR,7975008200,-1453332544
24,EXCLUSAO,DECRESCENTE,ALEATORIA,LINEAR,8147443800,-1453331547
25,EXCLUSAO,DECRESCENTE,ALEATORIA,LINEAR,8520881900,-1453330550
26,EXCLUSAO,DECRESCENTE,ALEATORIA,LINEAR,8117819100,-1453329553
27,EXCLUSAO,DECRESCENTE,ALEATORIA,LINEAR,8284150900,-1453328556
28,EXCLUSAO,DECRESCENTE,ALEATORIA,LINEAR,8171178300,-1453327559
29,EXCLUSAO,DECRESCENTE,ALEATORIA,LINEAR,8084242100,-1453326562
30,EXCLUSAO,DECRESCENTE,ALEATORIA,LINEAR,8090872100,-1453325565
31,EXCLUSAO,DECRESCENTE,ALEATORIA,LINEAR,8031803000,-1453324568
32,EXCLUSAO,DECRESCENTE,ALEATORIA,LINEAR,8005205200,-1453323571
33,EXCLUSAO,DECRESCENTE,ALEATORIA,LINEAR,7989008000,-1453322574
34,EXCLUSAO,DECRESCENTE,ALEATORIA,LINEAR,8031671100,-1453321577
35,EXCLUSAO,DECRESCENTE,ALEATORIA,LINEAR,7985345800,-1453320580
36,EXCLUSAO,DECRESCENTE,ALEATORIA,LINEAR,8007994400,-1453319583
37,EXCLUSAO,DECRESCENTE,ALEATORIA,LINEAR,8003571500,-1453318586
38,EXCLUSAO,DECRESCENTE,ALEATORIA,LINEAR,8044396200,-1453317589
39,EXCLUSAO,DECRESCENTE,ALEATORIA,LINEAR,8004383900,-1453316592
40,EXCLUSAO,DECRESCENTE,ALEATORIA,LINEAR,8001367700,-1453315595
41,EXCLUSAO,DECRESCENTE,ALEATORIA,LINEAR,7964551500,-1453314598
42,EXCLUSAO,DECRESCENTE,ALEATORIA,LINEAR,7978673000,-1453313601
43,EXCLUSAO,DECRESCENTE,ALEATORIA,LINEAR,8020932400,-1453312604
44,EXCLUSAO,DECRESCENTE,ALEATORIA,LINEAR,7975381300,-1453311607
45,EXCLUSAO,DECRESCENTE,ALEATORIA,LINEAR,7980815100,-1453310610
46,EXCLUSAO,DECRESCENTE,ALEATORIA,LINEAR,8006503000,-1453309613
47,EXCLUSAO,DECRESCENTE,ALEATORIA,LINEAR,8230605200,-1453308616
48,EXCLUSAO,DECRESCENTE,ALEATORIA,LINEAR,7992970800,-1453307619
49,EXCLUSAO,DECRESCENTE,ALEATORIA,LINEAR,7969382800,-1453306622
50,EXCLUSAO,DECRESCENTE,ALEATORIA,LINEAR,7959468000,-1453305625
51,EXCLUSAO,DECRESCENTE,ALEATORIA,LINEAR,8216970400,-1453304628
52,EXCLUSAO,DECRESCENTE,ALEATORIA,LINEAR,8097874400,-1453303631
53,EXCLUSAO,DECRESCENTE,ALEATORIA,LINEAR,7885794300,-1453302634
54,EXCLUSAO,DECRESCENTE,ALEATORIA,LINEAR,7901487600,-1453301637
55,EXCLUSAO,DECRESCENTE,ALEATORIA,LINEAR,8298744400,-1453300640
56,EXCLUSAO,DECRESCENTE,ALEATORIA,LINEAR,8376811100,-1453299643
57,EXCLUSAO,DECRESCENTE,ALEATORIA,LINEAR,8055014900,-1453298646
58,EXCLUSAO,DECRESCENTE,ALEATORIA,LINEAR,8033284100,-1453297649
59,EXCLUSAO,DECRESCENTE,ALEATORIA,LINEAR,8064365800,-1453296652
60,EXCLUSAO,DECRESCENTE,ALEATORIA,LINEAR,8029826800,-1453295655
61,EXCLUSAO,DECRESCENTE,ALEATORIA,LINEAR,8025390900,-1453294658
62,EXCLUSAO,DECRESCENTE,ALEATORIA,LINEAR,8145758500,-1453293661
63,EXCLUSAO,DECRESCENTE,ALEATORIA,LINEAR,8154570800,-1453292664
64,EXCLUSAO,DECRESCENTE,ALEATORIA,LINEAR,8014779600,-1453291667
65,EXCLUSAO,DECRESCENTE,ALEATORIA,LINEAR,8077957500,-1453290670
66,EXCLUSAO,DECRESCENTE,ALEATORIA,LINEAR,8024146700,-1453289673
67,EXCLUSAO,DECRESCENTE,ALEATORIA,LINEAR,8031105200,-1453288676
68,EXCLUSAO,DECRESCENTE,ALEATORIA,LINEAR,8015189300,-1453287679
69,EXCLUSAO,DECRESCENTE,ALEATORIA,LINEAR,8117420200,-1453286682
70,EXCLUSAO,DECRESCENTE,ALEATORIA,LINEAR,8272250300,-1453285685
71,EXCLUSAO,DECRESCENTE,ALEATORIA,LINEAR,8068520100,-1453284688
72,EXCLUSAO,DECRESCENTE,ALEATORIA,LINEAR,7950423400,-1453283691
73,EXCLUSAO,DECRESCENTE,ALEATORIA,LINEAR,8047805800,-1453282694
74,EXCLUSAO,DECRESCENTE,ALEATORIA,LINEAR,7994439800,-1453281697
75,EXCLUSAO,DECRESCENTE,ALEATORIA,LINEAR,7966191200,-1453280700
76,EXCLUSAO,DECRESCENTE,ALEATORIA,LINEAR,7884652100,-1453279703
77,EXCLUSAO,DECRESCENTE,ALEATORIA,LINEAR,7949746400,-1453278706
78,EXCLUSAO,DECRESCENTE,ALEATORIA,LINEAR,8087290200,-1453277709
79,EXCLUSAO,DECRESCENTE,ALEATORIA,LINEAR,8078049200,-1453276712
80,EXCLUSAO,DECRESCENTE,ALEATORIA,LINEAR,7993406600,-1453275715
81,EXCLUSAO,DECRESCENTE,ALEATORIA,LINEAR,7979185300,-1453274718
82,EXCLUSAO,DECRESCENTE,ALEATORIA,LINEAR,8031656600,-1453273721
83,EXCLUSAO,DECRESCENTE,ALEATORIA,LINEAR,7966367800,-1453272724
84,EXCLUSAO,DECRESCENTE,ALEATORIA,LINEAR,7985365100,-1453271727
85,EXCLUSAO,DECRESCENTE,ALEATORIA,LINEAR,7989971700,-1453270730
86,EXCLUSAO,DECRESCENTE,ALEATORIA,LINEAR,8002231600,-1453269733
87,EXCLUSAO,DECRESCENTE,ALEATORIA,LINEAR,7993367300,-1453268736
88,EXCLUSAO,DECRESCENTE,ALEATORIA,LINEAR,8344905100,-1453267739
89,EXCLUSAO,DECRESCENTE,ALEATORIA,LINEAR,7997007900,-1453266742
90,EXCLUSAO,DECRESCENTE,ALEATORIA,LINEAR,8028405100,-1453265745
91,EXCLUSAO,DECRESCENTE,ALEATORIA,LINEAR,8014016900,-1453264748
92,EXCLUSAO,DECRESCENTE,ALEATORIA,LINEAR,8050057600,-1453263751
93,EXCLUSAO,DECRESCENTE,ALEATORIA,LINEAR,8013680700,-1453262754
94,EXCLUSAO,DECRESCENTE,ALEATORIA,LINEAR,7960373800,-1453261757
95,EXCLUSAO,DECRESCENTE,ALEATORIA,LINEAR,7984041500,-1453260760
96,EXCLUSAO,DECRESCENTE,ALEATORIA,LINEAR,8079124800,-1453259763
97,EXCLUSAO,DECRESCENTE,ALEATORIA,LINEAR,7649669200,-1453258766
98,EXCLUSAO,DECRESCENTE,ALEATORIA,LINEAR,7931661700,-1453257769
99,EXCLUSAO,DECRESCENTE,ALEATORIA,LINEAR,8226615800,-1453256772
100,EXCLUSAO,DECRESCENTE,ALEATORIA,LINEAR,8092984000,-1453255775
1,EXCLUSAO,DECRESCENTE,ALEATORIA,BINARIA,372490900,1297636699
2,EXCLUSAO,DECRESCENTE,ALEATORIA,BINARIA,367752400,1297637696
3,EXCLUSAO,DECRESCENTE,ALEATORIA,BINARIA,372190800,1297638693
4,EXCLUSAO,DECRESCENTE,ALEATORIA,BINARIA,377255500,1297639690
5,EXCLUSAO,DECRESCENTE,ALEATORIA,BINARIA,374966400,1297640687
6,EXCLUSAO,DECRESCENTE,ALEATORIA,BINARIA,385336800,1297641684
7,EXCLUSAO,DECRESCENTE,ALEATORIA,BINARIA,373672500,1297642681
8,EXCLUSAO,DECRESCENTE,ALEATORIA,BINARIA,364103000,1297643678
9,EXCLUSAO,DECRESCENTE,ALEATORIA,BINARIA,367730200,1297644675
10,EXCLUSAO,DECRESCENTE,ALEATORIA,BINARIA,365809200,1297645672
11,EXCLUSAO,DECRESCENTE,ALEATORIA,BINARIA,370151900,1297646669
12,EXCLUSAO,DECRESCENTE,ALEATORIA,BINARIA,377891400,1297647666
13,EXCLUSAO,DECRESCENTE,ALEATORIA,BINARIA,367148800,1297648663
14,EXCLUSAO,DECRESCENTE,ALEATORIA,BINARIA,370759700,1297649660
15,EXCLUSAO,DECRESCENTE,ALEATORIA,BINARIA,380598100,1297650657
16,EXCLUSAO,DECRESCENTE,ALEATORIA,BINARIA,384793400,1297651654
17,EXCLUSAO,DECRESCENTE,ALEATORIA,BINARIA,380801100,1297652651
18,EXCLUSAO,DECRESCENTE,ALEATORIA,BINARIA,376097600,1297653648
19,EXCLUSAO,DECRESCENTE,ALEATORIA,BINARIA,366617800,1297654645
20,EXCLUSAO,DECRESCENTE,ALEATORIA,BINARIA,382496200,1297655642
21,EXCLUSAO,DECRESCENTE,ALEATORIA,BINARIA,367319400,1297656639
22,EXCLUSAO,DECRESCENTE,ALEATORIA,BINARIA,388176000,1297657636
23,EXCLUSAO,DECRESCENTE,ALEATORIA,BINARIA,388492200,1297658633
24,EXCLUSAO,DECRESCENTE,ALEATORIA,BINARIA,385651500,1297659630
25,EXCLUSAO,DECRESCENTE,ALEATORIA,BINARIA,378037600,1297660627
26,EXCLUSAO,DECRESCENTE,ALEATORIA,BINARIA,381220100,1297661624
27,EXCLUSAO,DECRESCENTE,ALEATORIA,BINARIA,383247300,1297662621
28,EXCLUSAO,DECRESCENTE,ALEATORIA,BINARIA,374304900,1297663618
29,EXCLUSAO,DECRESCENTE,ALEATORIA,BINARIA,383707600,1297664615
30,EXCLUSAO,DECRESCENTE,ALEATORIA,BINARIA,374342600,1297665612
31,EXCLUSAO,DECRESCENTE,ALEATORIA,BINARIA,380378600,1297666609
32,EXCLUSAO,DECRESCENTE,ALEATORIA,BINARIA,384565500,1297667606
33,EXCLUSAO,DECRESCENTE,ALEATORIA,BINARIA,379271000,1297668603
34,EXCLUSAO,DECRESCENTE,ALEATORIA,BINARIA,378087600,1297669600
35,EXCLUSAO,DECRESCENTE,ALEATORIA,BINARIA,384927600,1297670597
36,EXCLUSAO,DECRESCENTE,ALEATORIA,BINARIA,376777200,1297671594
37,EXCLUSAO,DECRESCENTE,ALEATORIA,BINARIA,386157700,1297672591
38,EXCLUSAO,DECRESCENTE,ALEATORIA,BINARIA,377991000,1297673588
39,EXCLUSAO,DECRESCENTE,ALEATORIA,BINARIA,385717100,1297674585
40,EXCLUSAO,DECRESCENTE,ALEATORIA,BINARIA,396311300,1297675582
41,EXCLUSAO,DECRESCENTE,ALEATORIA,BINARIA,373610100,1297676579
42,EXCLUSAO,DECRESCENTE,ALEATORIA,BINARIA,384562400,1297677576
43,EXCLUSAO,DECRESCENTE,ALEATORIA,BINARIA,376879400,1297678573
44,EXCLUSAO,DECRESCENTE,ALEATORIA,BINARIA,397052600,1297679570
45,EXCLUSAO,DECRESCENTE,ALEATORIA,BINARIA,381696000,1297680567
46,EXCLUSAO,DECRESCENTE,ALEATORIA,BINARIA,375312400,1297681564
47,EXCLUSAO,DECRESCENTE,ALEATORIA,BINARIA,403284100,1297682561
48,EXCLUSAO,DECRESCENTE,ALEATORIA,BINARIA,386136500,1297683558
49,EXCLUSAO,DECRESCENTE,ALEATORIA,BINARIA,385469900,1297684555
50,EXCLUSAO,DECRESCENTE,ALEATORIA,BINARIA,376784900,1297685552
51,EXCLUSAO,DECRESCENTE,ALEATORIA,BINARIA,376793100,1297686549
52,EXCLUSAO,DECRESCENTE,ALEATORIA,BINARIA,383802000,1297687546
53,EXCLUSAO,DECRESCENTE,ALEATORIA,BINARIA,379022100,1297688543
54,EXCLUSAO,DECRESCENTE,ALEATORIA,BINARIA,376738200,1297689540
55,EXCLUSAO,DECRESCENTE,ALEATORIA,BINARIA,373950000,1297690537
56,EXCLUSAO,DECRESCENTE,ALEATORIA,BINARIA,370562700,1297691534
57,EXCLUSAO,DECRESCENTE,ALEATORIA,BINARIA,370472500,1297692531
58,EXCLUSAO,DECRESCENTE,ALEATORIA,BINARIA,373497500,1297693528
59,EXCLUSAO,DECRESCENTE,ALEATORIA,BINARIA,374315800,1297694525
60,EXCLUSAO,DECRESCENTE,ALEATORIA,BINARIA,367328900,1297695522
61,EXCLUSAO,DECRESCENTE,ALEATORIA,BINARIA,368288700,1297696519
62,EXCLUSAO,DECRESCENTE,ALEATORIA,BINARIA,377911900,1297697516
63,EXCLUSAO,DECRESCENTE,ALEATORIA,BINARIA,371571300,1297698513
64,EXCLUSAO,DECRESCENTE,ALEATORIA,BINARIA,371808400,1297699510
65,EXCLUSAO,DECRESCENTE,ALEATORIA,BINARIA,373375600,1297700507
66,EXCLUSAO,DECRESCENTE,ALEATORIA,BINARIA,374371000,1297701504
67,EXCLUSAO,DECRESCENTE,ALEATORIA,BINARIA,373906700,1297702501
68,EXCLUSAO,DECRESCENTE,ALEATORIA,BINARIA,377387200,1297703498
69,EXCLUSAO,DECRESCENTE,ALEATORIA,BINARIA,382444900,1297704495
70,EXCLUSAO,DECRESCENTE,ALEATORIA,BINARIA,379614300,1297705492
71,EXCLUSAO,DECRESCENTE,ALEATORIA,BINARIA,376224000,1297706489
72,EXCLUSAO,DECRESCENTE,ALEATORIA,BINARIA,393910900,1297707486
73,EXCLUSAO,DECRESCENTE,ALEATORIA,BINARIA,380326400,1297708483
74,EXCLUSAO,DECRESCENTE,ALEATORIA,BINARIA,380899600,1297709480
75,EXCLUSAO,DECRESCENTE,ALEATORIA,BINARIA,375910900,1297710477
76,EXCLUSAO,DECRESCENTE,ALEATORIA,BINARIA,372929600,1297711474
77,EXCLUSAO,DECRESCENTE,ALEATORIA,BINARIA,372859500,1297712471
78,EXCLUSAO,DECRESCENTE,ALEATORIA,BINARIA,373621700,1297713468
79,EXCLUSAO,DECRESCENTE,ALEATORIA,BINARIA,432086100,1297714465
80,EXCLUSAO,DECRESCENTE,ALEATORIA,BINARIA,372998600,1297715462
81,EXCLUSAO,DECRESCENTE,ALEATORIA,BINARIA,378745700,1297716459
82,EXCLUSAO,DECRESCENTE,ALEATORIA,BINARIA,368387500,1297717456
83,EXCLUSAO,DECRESCENTE,ALEATORIA,BINARIA,369235000,1297718453
84,EXCLUSAO,DECRESCENTE,ALEATORIA,BINARIA,381879100,1297719450
85,EXCLUSAO,DECRESCENTE,ALEATORIA,BINARIA,380298600,1297720447
86,EXCLUSAO,DECRESCENTE,ALEATORIA,BINARIA,381916200,1297721444
87,EXCLUSAO,DECRESCENTE,ALEATORIA,BINARIA,375119500,1297722441
88,EXCLUSAO,DECRESCENTE,ALEATORIA,BINARIA,376449100,1297723438
89,EXCLUSAO,DECRESCENTE,ALEATORIA,BINARIA,377189400,1297724435
90,EXCLUSAO,DECRESCENTE,ALEATORIA,BINARIA,367279400,1297725432
91,EXCLUSAO,DECRESCENTE,ALEATORIA,BINARIA,374194300,1297726429
92,EXCLUSAO,DECRESCENTE,ALEATORIA,BINARIA,367440400,1297727426
93,EXCLUSAO,DECRESCENTE,ALEATORIA,BINARIA,366619400,1297728423
94,EXCLUSAO,DECRESCENTE,ALEATORIA,BINARIA,365954200,1297729420
95,EXCLUSAO,DECRESCENTE,ALEATORIA,BINARIA,366634000,1297730417
96,EXCLUSAO,DECRESCENTE,ALEATORIA,BINARIA,374194500,1297731414
97,EXCLUSAO,DECRESCENTE,ALEATORIA,BINARIA,367880000,1297732411
98,EXCLUSAO,DECRESCENTE,ALEATORIA,BINARIA,377732400,1297733408
99,EXCLUSAO,DECRESCENTE,ALEATORIA,BINARIA,373341200,1297734405
100,EXCLUSAO,DECRESCENTE,ALEATORIA,BINARIA,373220900,1297735402
